-- phpMyAdmin SQL Dump
-- version 5.2.1
-- https://www.phpmyadmin.net/
--
-- Host: 127.0.0.1
-- Waktu pembuatan: 25 Jun 2024 pada 09.06
-- Versi server: 10.4.32-MariaDB
-- Versi PHP: 8.2.12

SET SQL_MODE = "NO_AUTO_VALUE_ON_ZERO";
START TRANSACTION;
SET time_zone = "+00:00";


/*!40101 SET @OLD_CHARACTER_SET_CLIENT=@@CHARACTER_SET_CLIENT */;
/*!40101 SET @OLD_CHARACTER_SET_RESULTS=@@CHARACTER_SET_RESULTS */;
/*!40101 SET @OLD_COLLATION_CONNECTION=@@COLLATION_CONNECTION */;
/*!40101 SET NAMES utf8mb4 */;

--
-- Database: `pju`
--

-- --------------------------------------------------------

--
-- Struktur dari tabel `gateways`
--

CREATE TABLE `gateways` (
  `id` int(11) NOT NULL,
  `name` varchar(255) NOT NULL,
  `lat` float(10,6) NOT NULL,
  `lng` float(10,6) NOT NULL,
  `API` varchar(255) DEFAULT NULL,
  `lifetime` int(11) NOT NULL,
  `address` varchar(255) NOT NULL,
  `type` varchar(255) NOT NULL DEFAULT 'gateaway'
) ENGINE=InnoDB DEFAULT CHARSET=latin1 COLLATE=latin1_swedish_ci;

--
-- Dumping data untuk tabel `gateways`
--

INSERT INTO `gateways` (`id`, `name`, `lat`, `lng`, `API`, `lifetime`, `address`, `type`) VALUES
(2, 'gateaway 1', -7.276657, 112.793121, NULL, 0, 'Politeknik Elektronika Negeri Surabaya (PENS) Jl. Raya ITS, Keputih, Sukolilo, Surabaya, Jawa Timur 60111, Indonesia', 'gateaway'),
(3, 'gateway 2', -7.251400, 112.791351, NULL, 365, 'Jl. Kenjeran No. 621, Dukuh Sutorejo, Kec.\r\nMulyorejo, Surabaya, Jawa Timur 60113,\r\nIndonesia', 'gateaway'),
(4, 'gateway 3', -7.311290, 112.729103, NULL, 365, 'Telkom University Jl. Ketintang No.156,\r\nKetintang, Kec. Gayungan, Surabaya, Jawa\r\nTimur 60231\r\n', 'gateaway'),
(5, 'gateway 4', -7.289171, 112.736000, NULL, 365, 'Jl. Kapuas No.59, DR. Soetomo, Kec.\r\nTegalsari, Surabaya, Jawa Timur 60264', 'gateaway');

-- --------------------------------------------------------

--
-- Struktur dari tabel `pju`
--

CREATE TABLE `pju` (
  `id` int(11) NOT NULL,
  `name` varchar(60) NOT NULL,
  `address` varchar(150) NOT NULL,
  `lat` float(10,6) NOT NULL,
  `lng` float(10,6) NOT NULL,
  `API` varchar(500) NOT NULL,
  `lifetime` varchar(100) NOT NULL,
  `created_at` timestamp NOT NULL DEFAULT current_timestamp(),
  `updated_at` timestamp NOT NULL DEFAULT current_timestamp() ON UPDATE current_timestamp()
) ENGINE=InnoDB DEFAULT CHARSET=utf8mb4 COLLATE=utf8mb4_general_ci;

--
-- Dumping data untuk tabel `pju`
--

INSERT INTO `pju` (`id`, `name`, `address`, `lat`, `lng`, `API`, `lifetime`, `created_at`, `updated_at`) VALUES
(47, 'PJU001', 'Politeknik Elektronika Negeri Surabaya Jl. Raya ITS, Keputih, Sukolilo, Surabaya, Jawa Timur 60111, Indonesia', -7.276160, 112.794868, 'https://api-data.telkomiot.id/api/v2.0/APP665d6360dbfaf33483/DEV665d645291b3c63638/history?starttime=2024-06-01&endtime=2024-06-30', '365', '2024-06-22 08:03:34', '2024-06-23 01:40:51'),
(48, 'PJU002', 'Politeknik Elektronika Negeri Surabaya Jl. Raya ITS, Keputih, Sukolilo, Surabaya, Jawa Timur 60111, Indonesia', -7.276110, 112.794609, 'https://api-data.telkomiot.id/api/v2.0/APP665d6360dbfaf33483/DEV667584ab0fb0198498/history?starttime=2024-06-01&endtime=2024-06-30', '365', '2024-06-23 01:39:09', '2024-06-23 01:39:09'),
(49, 'PJU003', 'Politeknik Elektronika Negeri Surabaya Jl. Raya ITS, Keputih, Sukolilo, Surabaya, Jawa Timur 60111, Indonesia', -7.276150, 112.794312, 'https://api-data.telkomiot.id/api/v2.0/APP665d6360dbfaf33483/DEV6675953b44f3d63476/history?starttime=2024-06-01&endtime=2024-06-30', '365', '2024-06-23 01:41:41', '2024-06-23 01:41:41'),
(50, 'PJU004', 'Politeknik Elektronika Negeri Surabaya Jl. Raya ITS, Keputih, Sukolilo, Surabaya, Jawa Timur 60111, Indonesia', -7.276150, 112.793983, 'https://api-data.telkomiot.id/api/v2.0/APP665d6360dbfaf33483/DEV667596ee99c8796421/history?starttime=2024-06-01&endtime=2024-06-30', '365', '2024-06-23 01:43:01', '2024-06-23 01:43:01'),
(51, 'PJU005', 'Politeknik Elektronika Negeri Surabaya Jl. Raya ITS, Keputih, Sukolilo, Surabaya, Jawa Timur 60111, Indonesia', -7.276170, 112.793633, 'https://api-data.telkomiot.id/api/v2.0/APP665d6360dbfaf33483/DEV6675975109d5224132/history?starttime=2024-06-01&endtime=2024-06-30', '365', '2024-06-23 01:44:18', '2024-06-23 01:44:18'),
(52, 'PJU007', 'Politeknik Elektronika Negeri Surabaya Jl. Raya ITS, Keputih, Sukolilo, Surabaya, Jawa Timur 60111, Indonesia', -7.276200, 112.792961, 'https://api-data.telkomiot.id/api/v2.0/APP65b1ea2f77cf677842/DEV667598526a51b33971/history?starttime=2024-06-01&endtime=2024-06-30', '365', '2024-06-23 01:47:47', '2024-06-23 01:47:47'),
(53, 'PJU006', 'Politeknik Elektronika Negeri Surabaya Jl. Raya ITS, Keputih, Sukolilo, Surabaya, Jawa Timur 60111, Indonesia', -7.275970, 112.793320, 'https://api-data.telkomiot.id/api/v2.0/APP665d6360dbfaf33483/DEV667596ee99c8796421/history?starttime=2024-06-01&endtime=2024-06-30', '365', '2024-06-23 02:07:16', '2024-06-23 02:07:16');

-- --------------------------------------------------------

--
-- Struktur dari tabel `pju001`
--

CREATE TABLE `pju001` (
  `time` varchar(100) NOT NULL,
  `data` varchar(100) NOT NULL
) ENGINE=InnoDB DEFAULT CHARSET=utf8mb4 COLLATE=utf8mb4_unicode_ci;

--
-- Dumping data untuk tabel `pju001`
--

INSERT INTO `pju001` (`time`, `data`) VALUES
('2024-06-20 22:33:01', '37.13'),
('2024-06-20 22:33:07', '39.06'),
('2024-06-20 22:33:12', '37.09'),
('2024-06-20 22:33:17', '37.08'),
('2024-06-20 22:33:23', '37.47'),
('2024-06-20 22:33:28', '38.41'),
('2024-06-20 22:33:33', '38.8'),
('2024-06-20 22:33:39', '39.18'),
('2024-06-20 22:33:44', '38.41'),
('2024-06-20 22:33:49', '39.02'),
('2024-06-20 22:33:55', '37.39'),
('2024-06-20 22:34:00', '37.37'),
('2024-06-20 22:34:06', '38.11'),
('2024-06-20 22:34:11', '37.34'),
('2024-06-20 22:34:16', '38.75'),
('2024-06-20 22:34:22', '36.97'),
('2024-06-20 22:34:27', '37.06'),
('2024-06-20 22:34:32', '37.17'),
('2024-06-20 22:34:38', '38.9'),
('2024-06-20 22:34:43', '37.06'),
('2024-06-20 22:34:48', '37.18'),
('2024-06-20 22:34:54', '38.87'),
('2024-06-20 22:34:59', '37.26'),
('2024-06-20 22:35:05', '38.49'),
('2024-06-20 22:35:10', '37.01'),
('2024-06-20 22:35:21', '39.04'),
('2024-06-20 22:35:26', '37.55'),
('2024-06-20 22:35:31', '38.86'),
('2024-06-20 22:35:37', '36.89'),
('2024-06-20 22:35:42', '37.35'),
('2024-06-20 22:35:48', '37.26'),
('2024-06-20 22:35:53', '37.7'),
('2024-06-20 22:35:58', '37.85'),
('2024-06-20 22:36:04', '36.69'),
('2024-06-20 22:36:09', '39'),
('2024-06-20 22:36:14', '37.23'),
('2024-06-20 22:36:28', '37.33'),
('2024-06-20 22:36:57', '34.15'),
('2024-06-20 22:37:02', '34.45'),
('2024-06-20 22:37:08', '34.07'),
('2024-06-20 22:37:13', '34.23'),
('2024-06-20 22:37:18', '34.26'),
('2024-06-20 22:37:24', '33.77'),
('2024-06-20 22:37:29', '32.46'),
('2024-06-20 22:37:34', '33.98'),
('2024-06-20 22:37:40', '31.71'),
('2024-06-20 22:37:45', '32.46'),
('2024-06-20 22:37:50', '32.83'),
('2024-06-20 22:37:56', '32.41'),
('2024-06-20 22:38:01', '32.68'),
('2024-06-20 22:38:06', '32.62'),
('2024-06-20 22:38:12', '32.65'),
('2024-06-20 22:38:17', '32.69'),
('2024-06-20 22:38:23', '32.54'),
('2024-06-20 22:38:28', '33.84'),
('2024-06-20 22:38:33', '33.94'),
('2024-06-20 22:38:39', '33.61'),
('2024-06-20 22:38:44', '32.74'),
('2024-06-20 22:38:49', '34.39'),
('2024-06-20 22:38:55', '32.73'),
('2024-06-20 22:39:00', '34.46'),
('2024-06-20 22:39:05', '32.98'),
('2024-06-20 22:39:11', '32.87'),
('2024-06-20 22:39:16', '32.15'),
('2024-06-20 22:39:22', '34.08'),
('2024-06-20 22:39:27', '34.53'),
('2024-06-20 22:39:32', '34.06'),
('2024-06-20 22:39:38', '32.5'),
('2024-06-20 22:39:43', '32.85'),
('2024-06-20 22:39:48', '34.16'),
('2024-06-20 22:39:54', '32.73'),
('2024-06-20 22:39:59', '32.71'),
('2024-06-20 22:40:04', '32.47'),
('2024-06-20 22:40:10', '34.22'),
('2024-06-20 22:40:15', '32.79'),
('2024-06-20 22:40:21', '33.11'),
('2024-06-20 22:40:26', '33.02'),
('2024-06-20 22:40:31', '34.45'),
('2024-06-20 22:40:37', '32.48'),
('2024-06-20 22:40:42', '32.64'),
('2024-06-20 22:40:47', '32.87'),
('2024-06-20 22:40:53', '32.63'),
('2024-06-20 22:40:58', '32.98'),
('2024-06-20 22:41:04', '32.76'),
('2024-06-20 22:41:09', '32.64'),
('2024-06-20 22:41:14', '32.74'),
('2024-06-20 22:41:20', '32.98'),
('2024-06-20 22:41:25', '34.19'),
('2024-06-20 22:41:30', '34.17'),
('2024-06-20 22:41:36', '33.04'),
('2024-06-20 22:41:41', '33.72'),
('2024-06-20 22:41:47', '32.89'),
('2024-06-20 22:41:52', '34.22'),
('2024-06-20 22:41:57', '32.94'),
('2024-06-20 22:42:03', '34.16'),
('2024-06-20 22:42:08', '33.23'),
('2024-06-20 22:42:13', '34.22'),
('2024-06-20 22:42:19', '32.62'),
('2024-06-20 22:42:24', '34.34'),
('2024-06-20 22:42:29', '32.35'),
('2024-06-20 22:42:35', '34.24'),
('2024-06-20 22:42:40', '34.35'),
('2024-06-20 22:42:45', '32.86'),
('2024-06-20 22:42:51', '33.03'),
('2024-06-20 22:42:56', '32.85'),
('2024-06-20 22:43:02', '32.68'),
('2024-06-20 22:43:07', '32.99'),
('2024-06-20 22:43:12', '32.74'),
('2024-06-20 22:43:18', '32.52'),
('2024-06-20 22:43:23', '34.29'),
('2024-06-20 22:43:28', '34.44'),
('2024-06-20 22:43:34', '34.15'),
('2024-06-20 22:43:39', '32.89'),
('2024-06-20 22:43:44', '32.8'),
('2024-06-20 22:43:50', '32.9'),
('2024-06-20 22:43:55', '33.12'),
('2024-06-20 22:44:01', '32.69'),
('2024-06-20 22:44:06', '32.58'),
('2024-06-20 22:44:11', '33.77'),
('2024-06-20 22:44:17', '34.63'),
('2024-06-20 22:44:22', '34.26'),
('2024-06-20 22:44:27', '32.6'),
('2024-06-20 22:44:33', '34.17'),
('2024-06-20 22:44:38', '32.89'),
('2024-06-20 22:44:43', '32.91'),
('2024-06-20 22:44:49', '32.6'),
('2024-06-20 22:44:54', '32.42'),
('2024-06-20 22:45:00', '32.27'),
('2024-06-20 22:45:05', '32.54'),
('2024-06-20 22:45:10', '33.7'),
('2024-06-20 22:45:16', '32.53'),
('2024-06-20 22:45:21', '34.03'),
('2024-06-20 22:45:26', '32.38'),
('2024-06-20 22:45:32', '32.26'),
('2024-06-20 22:45:37', '32.05'),
('2024-06-20 22:45:42', '32.82'),
('2024-06-20 22:45:48', '32.67'),
('2024-06-20 22:45:53', '32.44'),
('2024-06-20 22:45:59', '32.66'),
('2024-06-20 22:46:04', '33.77'),
('2024-06-20 22:46:09', '33.99'),
('2024-06-20 22:46:15', '32.95'),
('2024-06-20 22:46:20', '33.16'),
('2024-06-20 22:46:25', '33.09'),
('2024-06-20 22:46:31', '34.62'),
('2024-06-20 22:46:36', '33.19'),
('2024-06-20 22:46:41', '33.34'),
('2024-06-20 22:46:47', '68.49'),
('2024-06-20 23:06:01', '30'),
('2024-06-21 23:53:02', '24.53'),
('2024-06-21 23:58:31', '24.84'),
('2024-06-21 23:58:41', '35.58'),
('2024-06-21 23:59:13', '24.68'),
('2024-06-21 23:59:19', '22.83'),
('2024-06-21 23:59:40', '24.53'),
('2024-06-22 00:00:07', '22.91'),
('2024-06-22 03:12:32', '34.68'),
('2024-06-22 03:12:38', '33.1'),
('2024-06-22 03:12:43', '24.45'),
('2024-06-22 03:12:53', '24.61'),
('2024-06-22 03:12:59', '23.14'),
('2024-06-22 03:13:04', '34.74'),
('2024-06-22 03:13:09', '24.58'),
('2024-06-22 03:13:15', '24.41'),
('2024-06-22 03:13:20', '24.46'),
('2024-06-22 03:13:25', '24.58'),
('2024-06-22 03:13:31', '24.36'),
('2024-06-22 03:13:36', '23.06'),
('2024-06-22 03:13:41', '23.12'),
('2024-06-22 03:13:47', '34.42'),
('2024-06-22 03:13:52', '23.22'),
('2024-06-22 03:13:57', '24.32'),
('2024-06-22 03:14:03', '23'),
('2024-06-22 03:14:08', '23.04'),
('2024-06-22 03:14:13', '33.25'),
('2024-06-22 03:14:19', '22.89'),
('2024-06-22 03:14:24', '33.04'),
('2024-06-22 03:14:29', '23.2'),
('2024-06-22 03:14:35', '24.64'),
('2024-06-22 03:14:45', '22.94'),
('2024-06-22 03:14:51', '23.08'),
('2024-06-22 03:14:56', '34.3'),
('2024-06-22 03:15:01', '33.11'),
('2024-06-22 03:15:07', '24.74'),
('2024-06-22 03:15:18', '33.35'),
('2024-06-22 03:15:23', '24.46'),
('2024-06-22 03:15:28', '32.69'),
('2024-06-22 03:15:33', '24.47'),
('2024-06-22 03:15:39', '24.44'),
('2024-06-22 03:15:44', '23.27'),
('2024-06-22 03:15:49', '23.24'),
('2024-06-22 03:15:55', '23.09'),
('2024-06-22 03:16:00', '34.31'),
('2024-06-22 03:16:05', '24.52'),
('2024-06-22 03:16:11', '23'),
('2024-06-22 03:16:16', '23.11'),
('2024-06-22 03:16:27', '24.34'),
('2024-06-22 03:16:32', '32.85'),
('2024-06-22 03:16:37', '33.07'),
('2024-06-22 03:16:43', '33.08'),
('2024-06-22 03:16:59', '24.57'),
('2024-06-22 03:17:04', '33.75'),
('2024-06-22 03:17:09', '24.65'),
('2024-06-22 03:17:15', '22.93'),
('2024-06-22 03:17:20', '32.76'),
('2024-06-22 03:17:25', '34.05'),
('2024-06-22 03:17:31', '22.9'),
('2024-06-22 03:17:36', '32.88'),
('2024-06-22 03:17:41', '33.13'),
('2024-06-22 03:17:47', '22.68'),
('2024-06-22 03:17:52', '24.54'),
('2024-06-22 03:17:57', '34.53'),
('2024-06-22 03:18:03', '23'),
('2024-06-22 03:18:08', '32.87'),
('2024-06-22 03:18:13', '24.39'),
('2024-06-22 03:18:19', '23.01'),
('2024-06-22 03:18:24', '33.09'),
('2024-06-22 03:18:29', '32.69'),
('2024-06-22 03:18:35', '23.27'),
('2024-06-22 03:18:40', '24.31'),
('2024-06-22 03:18:45', '32.99'),
('2024-06-22 03:18:51', '32.88'),
('2024-06-22 03:18:56', '34.39'),
('2024-06-22 03:19:01', '24.27'),
('2024-06-22 03:19:07', '23.16'),
('2024-06-22 03:19:12', '22.76'),
('2024-06-22 03:19:17', '24.48'),
('2024-06-22 03:19:23', '33.21'),
('2024-06-22 03:19:28', '22.66'),
('2024-06-22 03:19:33', '24.35'),
('2024-06-22 03:19:39', '23.17'),
('2024-06-22 03:19:44', '22.96'),
('2024-06-22 03:19:49', '24.64'),
('2024-06-22 03:19:55', '34.47'),
('2024-06-22 03:20:21', '24.46'),
('2024-06-22 03:20:27', '22.95'),
('2024-06-22 03:20:32', '32.95'),
('2024-06-22 03:20:37', '24.52'),
('2024-06-22 03:20:43', '22.95'),
('2024-06-22 03:20:48', '23.21'),
('2024-06-22 03:20:53', '32.76'),
('2024-06-22 03:20:59', '23.05'),
('2024-06-22 03:21:04', '32.92'),
('2024-06-22 03:21:10', '24.48'),
('2024-06-22 03:21:15', '33.09'),
('2024-06-22 03:21:20', '22.88'),
('2024-06-22 03:21:26', '34.42'),
('2024-06-22 03:21:31', '33.09'),
('2024-06-22 03:21:36', '24.19'),
('2024-06-22 03:21:42', '34.41'),
('2024-06-22 03:21:47', '32.82'),
('2024-06-22 03:21:52', '32.59'),
('2024-06-22 03:21:58', '32.84'),
('2024-06-22 03:22:03', '32.65'),
('2024-06-22 03:22:08', '33.06'),
('2024-06-22 03:22:14', '32.55'),
('2024-06-22 03:22:19', '33.01'),
('2024-06-22 03:22:24', '33'),
('2024-06-22 03:22:30', '24.31'),
('2024-06-22 03:22:35', '32.78'),
('2024-06-22 03:22:41', '32.88'),
('2024-06-22 03:22:46', '33.31'),
('2024-06-22 03:22:51', '33.62'),
('2024-06-22 03:22:57', '32.76'),
('2024-06-22 03:23:02', '34.11'),
('2024-06-22 03:23:07', '23.02'),
('2024-06-22 03:23:13', '33.07'),
('2024-06-22 03:23:18', '32.87'),
('2024-06-22 03:23:23', '31.95'),
('2024-06-22 03:23:29', '32.74'),
('2024-06-22 03:23:34', '34.47'),
('2024-06-22 03:23:39', '32.84'),
('2024-06-22 03:23:45', '32.68'),
('2024-06-22 03:23:50', '33.08'),
('2024-06-22 03:23:55', '32.85'),
('2024-06-22 03:24:01', '32.25'),
('2024-06-22 03:24:06', '34.66'),
('2024-06-22 03:24:12', '34.44'),
('2024-06-22 03:24:17', '32.67'),
('2024-06-22 03:24:22', '32.69'),
('2024-06-22 03:24:28', '32.9'),
('2024-06-22 03:24:33', '22.96'),
('2024-06-22 03:24:38', '32.8'),
('2024-06-22 03:24:44', '23.1'),
('2024-06-22 03:24:49', '34.37'),
('2024-06-22 03:24:54', '22.72'),
('2024-06-22 03:25:00', '32.75'),
('2024-06-22 03:25:05', '34.36'),
('2024-06-22 03:25:10', '33.08'),
('2024-06-22 03:25:16', '34.34'),
('2024-06-22 03:25:21', '33.02'),
('2024-06-22 03:25:26', '34.56'),
('2024-06-22 03:25:32', '32.88'),
('2024-06-22 03:25:37', '32.96'),
('2024-06-22 03:25:43', '34.42'),
('2024-06-22 03:25:48', '32.98'),
('2024-06-22 03:25:53', '23.04'),
('2024-06-22 03:25:59', '32.31'),
('2024-06-22 03:26:04', '32.91'),
('2024-06-22 03:26:09', '34.22'),
('2024-06-22 03:26:15', '24.4'),
('2024-06-22 03:26:20', '32.96'),
('2024-06-22 03:26:25', '33'),
('2024-06-22 03:26:31', '34.5'),
('2024-06-22 03:26:36', '32.79'),
('2024-06-22 03:26:41', '33.97'),
('2024-06-22 03:26:47', '32.76'),
('2024-06-22 03:26:52', '32.84'),
('2024-06-22 03:26:57', '34.27'),
('2024-06-22 03:27:03', '33'),
('2024-06-22 03:27:08', '24.28'),
('2024-06-22 03:27:14', '33.04'),
('2024-06-22 03:27:19', '34.49'),
('2024-06-22 03:27:24', '32.29'),
('2024-06-22 03:27:30', '32.82'),
('2024-06-22 03:27:35', '22.83'),
('2024-06-22 03:27:40', '32.93'),
('2024-06-22 03:27:46', '32.79'),
('2024-06-22 03:27:51', '32.98'),
('2024-06-22 03:27:56', '33.09'),
('2024-06-22 03:28:02', '32.42'),
('2024-06-22 03:28:07', '34.39'),
('2024-06-22 03:28:12', '32.85'),
('2024-06-22 03:28:18', '32.95'),
('2024-06-22 03:28:23', '33.09'),
('2024-06-22 03:28:28', '33.01'),
('2024-06-22 03:28:34', '34.4'),
('2024-06-22 03:28:39', '34.05'),
('2024-06-22 03:28:45', '24.31'),
('2024-06-22 03:28:50', '34.16'),
('2024-06-22 03:28:55', '33.02'),
('2024-06-22 03:29:01', '34.68'),
('2024-06-22 03:29:06', '33.08'),
('2024-06-22 03:29:11', '33.19'),
('2024-06-22 03:29:17', '33.05'),
('2024-06-22 03:29:22', '32.67'),
('2024-06-22 03:29:27', '34.39'),
('2024-06-22 03:29:33', '32.77'),
('2024-06-22 03:29:38', '32.52'),
('2024-06-22 03:29:43', '32.96'),
('2024-06-22 03:29:49', '33.17'),
('2024-06-22 03:29:54', '33.3'),
('2024-06-22 03:29:59', '32.56'),
('2024-06-22 03:30:05', '34.19'),
('2024-06-22 03:30:10', '34.28'),
('2024-06-22 03:30:16', '32.43'),
('2024-06-22 03:30:21', '22.89'),
('2024-06-22 03:30:26', '32.72'),
('2024-06-22 03:30:32', '32.79'),
('2024-06-22 03:30:37', '32.68'),
('2024-06-22 03:30:42', '34.23'),
('2024-06-22 03:30:48', '32.47'),
('2024-06-22 03:30:53', '32.73'),
('2024-06-22 03:30:58', '32.65'),
('2024-06-22 03:31:04', '24.36'),
('2024-06-22 03:31:09', '32.58'),
('2024-06-22 03:31:14', '32.64'),
('2024-06-22 03:31:20', '32.8'),
('2024-06-22 03:31:25', '32.97'),
('2024-06-22 03:31:30', '32.88'),
('2024-06-22 03:31:36', '23.09'),
('2024-06-22 03:31:41', '23.05'),
('2024-06-22 03:31:47', '32.96'),
('2024-06-22 03:31:52', '32.9'),
('2024-06-22 03:31:57', '23.22'),
('2024-06-22 03:32:03', '34.16'),
('2024-06-22 03:32:08', '33.02'),
('2024-06-22 03:32:13', '34.22'),
('2024-06-22 03:32:19', '33.03'),
('2024-06-22 03:32:24', '32.84'),
('2024-06-22 03:32:29', '33.02'),
('2024-06-22 03:32:35', '33.04'),
('2024-06-22 03:32:40', '32.96'),
('2024-06-22 03:32:45', '32.02'),
('2024-06-22 03:32:51', '34.15'),
('2024-06-22 03:32:56', '32.68'),
('2024-06-22 03:33:01', '32.72'),
('2024-06-22 03:33:07', '33'),
('2024-06-22 03:33:12', '23.19'),
('2024-06-22 03:33:18', '22.84'),
('2024-06-22 03:33:23', '34.31'),
('2024-06-22 03:33:28', '32.88'),
('2024-06-22 03:33:34', '32.61'),
('2024-06-22 03:33:39', '33.02'),
('2024-06-22 03:33:44', '24.64'),
('2024-06-22 03:33:50', '32.87'),
('2024-06-22 03:33:55', '34.52'),
('2024-06-22 03:34:00', '33.05'),
('2024-06-22 03:34:06', '33.13'),
('2024-06-22 03:34:11', '33.23'),
('2024-06-22 03:34:16', '32.81'),
('2024-06-22 03:34:22', '23.27'),
('2024-06-22 03:34:27', '33.54'),
('2024-06-22 03:34:32', '23.06'),
('2024-06-22 03:34:38', '34.59'),
('2024-06-22 03:34:43', '33.39'),
('2024-06-22 03:34:49', '23.01'),
('2024-06-22 03:34:54', '33.29'),
('2024-06-22 03:34:59', '23.08'),
('2024-06-22 03:35:05', '33.01'),
('2024-06-22 03:35:10', '34.79'),
('2024-06-22 03:35:15', '32.92'),
('2024-06-22 03:35:21', '33.25'),
('2024-06-22 03:35:26', '33.28'),
('2024-06-22 03:35:31', '33.26'),
('2024-06-22 03:35:37', '33.43'),
('2024-06-22 03:35:42', '33.63'),
('2024-06-22 03:35:47', '23.39'),
('2024-06-22 03:35:53', '24.96'),
('2024-06-22 03:35:58', '33.69'),
('2024-06-22 03:36:03', '23.54'),
('2024-06-22 03:36:09', '33.52'),
('2024-06-22 03:36:14', '23.4'),
('2024-06-22 03:36:20', '32.5'),
('2024-06-22 03:36:25', '23.41'),
('2024-06-22 03:36:30', '34.77'),
('2024-06-22 03:36:36', '33.39'),
('2024-06-22 03:36:41', '33.28'),
('2024-06-22 03:36:46', '33.27'),
('2024-06-22 03:36:52', '33.15'),
('2024-06-22 03:36:57', '23.05'),
('2024-06-22 03:37:02', '33.18'),
('2024-06-22 03:37:08', '34.56'),
('2024-06-22 03:37:13', '32.79'),
('2024-06-22 03:37:18', '34.84'),
('2024-06-22 03:37:24', '33.43'),
('2024-06-22 03:37:29', '33.58'),
('2024-06-22 03:37:34', '33.83'),
('2024-06-22 03:37:40', '33.12'),
('2024-06-22 03:37:45', '32.9'),
('2024-06-22 03:37:51', '33.44'),
('2024-06-22 03:37:56', '33.22'),
('2024-06-22 03:38:01', '33.39'),
('2024-06-22 03:38:07', '33.31'),
('2024-06-22 03:38:12', '24.82'),
('2024-06-22 03:38:17', '33.15'),
('2024-06-22 03:38:23', '33.26'),
('2024-06-22 03:38:28', '33.49'),
('2024-06-22 03:38:33', '33.24'),
('2024-06-22 03:38:39', '32.99'),
('2024-06-22 03:38:44', '33.18'),
('2024-06-22 03:38:49', '32.9'),
('2024-06-22 03:38:55', '23.39'),
('2024-06-22 03:39:00', '33.14'),
('2024-06-22 03:39:05', '33.45'),
('2024-06-22 03:39:11', '33.44'),
('2024-06-22 03:39:16', '23.31'),
('2024-06-22 03:39:21', '33.12'),
('2024-06-22 03:39:27', '34.51'),
('2024-06-22 03:39:32', '33.11'),
('2024-06-22 03:39:38', '32.58'),
('2024-06-22 03:39:43', '33.5'),
('2024-06-22 03:39:48', '23.36'),
('2024-06-22 03:39:54', '23.35'),
('2024-06-22 03:39:59', '33.32'),
('2024-06-22 03:40:04', '33.46'),
('2024-06-22 03:40:10', '33.62'),
('2024-06-22 03:40:15', '32.97'),
('2024-06-22 03:40:20', '33.07'),
('2024-06-22 03:40:26', '23.12'),
('2024-06-22 03:40:31', '33.37'),
('2024-06-22 03:40:36', '33.73'),
('2024-06-22 03:40:42', '23.4'),
('2024-06-22 03:40:47', '31.88'),
('2024-06-22 03:40:52', '23.41'),
('2024-06-22 03:40:58', '24.92'),
('2024-06-22 03:41:03', '23.28'),
('2024-06-22 03:41:09', '33.56'),
('2024-06-22 03:41:14', '23.3'),
('2024-06-22 03:41:19', '33.77'),
('2024-06-22 03:41:25', '33.12'),
('2024-06-22 03:41:30', '33.42'),
('2024-06-22 03:41:35', '24.76'),
('2024-06-22 03:41:41', '33.33'),
('2024-06-22 03:41:46', '34.83'),
('2024-06-22 03:41:51', '34.71'),
('2024-06-22 03:41:57', '33.05'),
('2024-06-22 03:42:02', '24.64'),
('2024-06-22 03:42:07', '32.92'),
('2024-06-22 03:42:13', '35.04'),
('2024-06-22 03:42:18', '33.55'),
('2024-06-22 03:42:23', '33.34'),
('2024-06-22 03:42:29', '33.21'),
('2024-06-22 03:42:34', '34.62'),
('2024-06-22 03:42:40', '33.27'),
('2024-06-22 03:42:45', '32.97'),
('2024-06-22 03:42:50', '23.25'),
('2024-06-22 03:42:56', '33.1'),
('2024-06-22 03:43:01', '22.9'),
('2024-06-22 03:43:06', '32.96'),
('2024-06-22 03:43:12', '33.25'),
('2024-06-22 03:43:17', '33.36'),
('2024-06-22 03:43:22', '22.98'),
('2024-06-22 03:43:28', '33.5'),
('2024-06-22 03:43:33', '34.88'),
('2024-06-22 03:43:38', '33.27'),
('2024-06-22 03:43:44', '34.4'),
('2024-06-22 03:43:49', '24.66'),
('2024-06-22 03:43:54', '33.32'),
('2024-06-22 03:44:00', '33.63'),
('2024-06-22 03:44:05', '32.96'),
('2024-06-22 03:44:11', '34.53'),
('2024-06-22 03:44:16', '33.09'),
('2024-06-22 03:44:21', '33.18'),
('2024-06-22 03:44:27', '33.51'),
('2024-06-22 03:44:32', '33.36'),
('2024-06-22 03:44:37', '23.11'),
('2024-06-22 03:44:43', '34.94'),
('2024-06-22 03:44:48', '34.11'),
('2024-06-22 03:44:53', '33.09'),
('2024-06-22 03:44:59', '33.09'),
('2024-06-22 03:45:04', '33.41'),
('2024-06-22 03:45:09', '33.35'),
('2024-06-22 03:45:15', '33.37'),
('2024-06-22 03:45:20', '33.36'),
('2024-06-22 03:45:25', '33.29'),
('2024-06-22 03:45:31', '32.57'),
('2024-06-22 03:45:36', '33.32'),
('2024-06-22 03:45:42', '34.96'),
('2024-06-22 03:45:47', '33.18'),
('2024-06-22 03:45:52', '23.26'),
('2024-06-22 03:45:58', '32'),
('2024-06-22 03:46:03', '33.13'),
('2024-06-22 03:46:08', '23.19'),
('2024-06-22 03:46:14', '33.13'),
('2024-06-22 03:46:19', '34.74'),
('2024-06-22 03:46:24', '23.19'),
('2024-06-22 03:46:30', '33.34'),
('2024-06-22 03:46:35', '33.59'),
('2024-06-22 03:46:40', '23.18'),
('2024-06-22 03:46:46', '35.12'),
('2024-06-22 03:46:51', '33.35'),
('2024-06-22 03:46:56', '24.74'),
('2024-06-22 03:47:02', '33.04'),
('2024-06-22 03:47:07', '24.53'),
('2024-06-22 03:47:12', '33.52'),
('2024-06-22 03:47:18', '33.47'),
('2024-06-22 03:47:23', '34.05'),
('2024-06-22 03:47:28', '23.33'),
('2024-06-22 03:47:34', '34.9'),
('2024-06-22 03:47:39', '33.28'),
('2024-06-22 03:47:45', '22.86'),
('2024-06-22 03:47:50', '34.47'),
('2024-06-22 03:47:55', '33.2'),
('2024-06-22 03:48:01', '23.09'),
('2024-06-22 03:48:06', '33.51'),
('2024-06-22 03:48:11', '33.27'),
('2024-06-22 03:48:17', '33.36'),
('2024-06-22 03:48:22', '33.24'),
('2024-06-22 03:48:27', '23.33'),
('2024-06-22 03:48:33', '33.2'),
('2024-06-22 03:48:38', '23.18'),
('2024-06-22 03:48:43', '32.72'),
('2024-06-22 03:48:49', '33.23'),
('2024-06-22 03:48:54', '33.27'),
('2024-06-22 03:48:59', '33.15'),
('2024-06-22 03:49:05', '34.79'),
('2024-06-22 03:49:10', '34.7'),
('2024-06-22 03:49:15', '23.08'),
('2024-06-22 03:49:21', '33.27'),
('2024-06-22 03:49:26', '32.9'),
('2024-06-22 03:49:32', '33.28'),
('2024-06-22 03:49:37', '24.54'),
('2024-06-22 03:49:42', '32.98'),
('2024-06-22 03:49:48', '24.48'),
('2024-06-22 03:49:53', '33.07'),
('2024-06-22 03:49:58', '34.8'),
('2024-06-22 03:50:04', '34.72'),
('2024-06-22 03:50:09', '34.36'),
('2024-06-22 03:50:14', '34.71'),
('2024-06-22 03:50:20', '33.5'),
('2024-06-22 03:50:25', '24.46'),
('2024-06-22 03:50:30', '32.69'),
('2024-06-22 03:50:36', '33.33'),
('2024-06-22 03:50:41', '23.22'),
('2024-06-22 03:50:46', '32.94'),
('2024-06-22 03:50:52', '34.37'),
('2024-06-22 03:50:57', '33.07'),
('2024-06-22 03:51:02', '33.11'),
('2024-06-22 03:51:08', '33.3'),
('2024-06-22 03:51:13', '33.18'),
('2024-06-22 03:51:19', '34.82'),
('2024-06-22 03:51:24', '33.5'),
('2024-06-22 03:51:29', '32.79'),
('2024-06-22 03:51:35', '33.03'),
('2024-06-22 03:51:40', '33.3'),
('2024-06-22 03:51:45', '33.09'),
('2024-06-22 03:51:51', '33.26'),
('2024-06-22 03:51:56', '33.3'),
('2024-06-22 03:52:01', '33.47'),
('2024-06-22 03:52:07', '34.69'),
('2024-06-22 03:52:12', '33.12'),
('2024-06-22 03:52:17', '33.18'),
('2024-06-22 03:52:23', '33.07'),
('2024-06-22 03:52:28', '33.23'),
('2024-06-22 03:52:33', '32.38'),
('2024-06-22 03:52:39', '34.44'),
('2024-06-22 03:52:44', '33.5'),
('2024-06-22 03:52:49', '34.61'),
('2024-06-22 03:52:55', '32.81'),
('2024-06-22 03:53:00', '33.16'),
('2024-06-22 03:53:05', '33'),
('2024-06-22 03:53:11', '23.21'),
('2024-06-22 03:53:16', '35.03'),
('2024-06-22 03:53:21', '33.24'),
('2024-06-22 03:53:27', '33.19'),
('2024-06-22 03:53:32', '33.11'),
('2024-06-22 03:53:38', '34.52'),
('2024-06-22 03:53:43', '23.22'),
('2024-06-22 03:53:48', '31.72'),
('2024-06-22 03:53:54', '34.43'),
('2024-06-22 03:53:59', '34.58'),
('2024-06-22 03:54:04', '24.58'),
('2024-06-22 03:54:10', '34.84'),
('2024-06-22 03:54:15', '23.38'),
('2024-06-22 03:54:20', '23.37'),
('2024-06-22 03:54:26', '33.39'),
('2024-06-22 03:54:31', '34.63'),
('2024-06-22 03:54:36', '33.46'),
('2024-06-22 03:54:42', '33.15'),
('2024-06-22 03:54:47', '33.19'),
('2024-06-22 03:54:52', '33.35'),
('2024-06-22 03:54:58', '33.03'),
('2024-06-22 03:55:03', '33.43'),
('2024-06-22 03:55:09', '32.56'),
('2024-06-22 03:55:14', '33.24'),
('2024-06-22 03:55:19', '23.31'),
('2024-06-22 03:55:25', '33.41'),
('2024-06-22 03:55:30', '33.48'),
('2024-06-22 03:55:35', '33.46'),
('2024-06-22 03:55:41', '34.54'),
('2024-06-22 03:55:46', '33.08'),
('2024-06-22 03:55:51', '33.09'),
('2024-06-22 03:55:57', '34.65'),
('2024-06-22 03:56:02', '33.41'),
('2024-06-22 03:56:07', '33.45'),
('2024-06-22 03:56:13', '33.44'),
('2024-06-22 03:56:18', '34.31'),
('2024-06-22 03:56:23', '33.4'),
('2024-06-22 03:56:29', '23.41'),
('2024-06-22 03:56:34', '33.45'),
('2024-06-22 03:56:39', '33.19'),
('2024-06-22 03:56:45', '23.31'),
('2024-06-22 03:56:50', '34.88'),
('2024-06-22 03:56:56', '32.78'),
('2024-06-22 03:57:01', '33.17'),
('2024-06-22 03:57:06', '24.71'),
('2024-06-22 03:57:12', '33.55'),
('2024-06-22 03:57:17', '33.29'),
('2024-06-22 03:57:22', '34.55'),
('2024-06-22 03:57:28', '33.4'),
('2024-06-22 03:57:33', '33.47'),
('2024-06-22 03:57:38', '33.65'),
('2024-06-22 03:57:44', '33.22'),
('2024-06-22 03:57:49', '33.21'),
('2024-06-22 03:57:54', '33.14'),
('2024-06-22 03:58:00', '32.91'),
('2024-06-22 03:58:05', '33.47'),
('2024-06-22 03:58:10', '34.3'),
('2024-06-22 03:58:16', '32.98'),
('2024-06-22 03:58:21', '33.12'),
('2024-06-22 03:58:26', '33.42'),
('2024-06-22 03:58:32', '33.59'),
('2024-06-22 03:58:37', '33.68'),
('2024-06-22 03:58:43', '32.52'),
('2024-06-22 03:58:48', '24.64'),
('2024-06-22 03:58:53', '34.57'),
('2024-06-22 03:58:59', '33.29'),
('2024-06-22 03:59:04', '34.67'),
('2024-06-22 03:59:09', '33.54'),
('2024-06-22 03:59:15', '33.42'),
('2024-06-22 03:59:20', '32.81'),
('2024-06-22 03:59:25', '32.77'),
('2024-06-22 03:59:31', '33.52'),
('2024-06-22 03:59:36', '32.1'),
('2024-06-22 03:59:41', '33.33'),
('2024-06-22 03:59:47', '33.14'),
('2024-06-22 03:59:52', '33.22'),
('2024-06-22 03:59:57', '23.21'),
('2024-06-22 04:00:03', '33.38'),
('2024-06-22 04:00:08', '32.86'),
('2024-06-22 04:00:14', '33.18'),
('2024-06-22 04:00:19', '34.67'),
('2024-06-22 04:00:24', '31.79'),
('2024-06-22 04:00:30', '33.38'),
('2024-06-22 04:00:35', '33.1'),
('2024-06-22 04:00:40', '33.19'),
('2024-06-22 04:00:46', '33.57'),
('2024-06-22 04:00:51', '32.96'),
('2024-06-22 04:00:56', '23.43'),
('2024-06-22 04:01:02', '34.49'),
('2024-06-22 04:01:07', '33.53'),
('2024-06-22 04:01:12', '33.31'),
('2024-06-22 04:01:18', '31.58'),
('2024-06-22 04:01:23', '33.25'),
('2024-06-22 04:01:28', '23.51'),
('2024-06-22 04:01:34', '23.22'),
('2024-06-22 04:01:39', '33.19'),
('2024-06-22 04:01:45', '34.94'),
('2024-06-22 04:01:50', '21.86'),
('2024-06-22 04:01:55', '33.27'),
('2024-06-22 04:02:01', '32.03'),
('2024-06-22 04:02:06', '33.22'),
('2024-06-22 04:02:11', '32.51'),
('2024-06-22 04:02:17', '33.38'),
('2024-06-22 04:02:22', '33.48'),
('2024-06-22 04:02:27', '33.35'),
('2024-06-22 04:02:33', '33.52'),
('2024-06-22 04:02:38', '33.45'),
('2024-06-22 04:02:43', '33.35'),
('2024-06-22 04:02:49', '33.25'),
('2024-06-22 04:02:54', '33.13'),
('2024-06-22 04:02:59', '33.44'),
('2024-06-22 04:03:05', '32.97'),
('2024-06-22 04:03:10', '33.58'),
('2024-06-22 04:03:15', '34.96'),
('2024-06-22 04:03:21', '33.62'),
('2024-06-22 04:03:26', '33.39'),
('2024-06-22 04:03:32', '33.41'),
('2024-06-22 04:03:37', '33.52'),
('2024-06-22 04:03:42', '33.15'),
('2024-06-22 04:03:48', '34.5'),
('2024-06-22 04:03:53', '33.07'),
('2024-06-22 04:03:58', '33.28'),
('2024-06-22 04:04:04', '33.08'),
('2024-06-22 04:04:09', '33.1'),
('2024-06-22 04:04:14', '33.29'),
('2024-06-22 04:04:20', '23.29'),
('2024-06-22 04:04:25', '32.37'),
('2024-06-22 04:04:30', '33.28'),
('2024-06-22 04:04:36', '32.71'),
('2024-06-22 04:04:41', '33.27'),
('2024-06-22 04:04:47', '23.21'),
('2024-06-22 04:04:52', '33.22'),
('2024-06-22 04:04:57', '33.24'),
('2024-06-22 04:05:03', '33.53'),
('2024-06-22 04:05:08', '23.24'),
('2024-06-22 04:05:13', '33.32'),
('2024-06-22 04:05:19', '33.53'),
('2024-06-22 04:05:24', '33.53'),
('2024-06-22 04:05:29', '33.54'),
('2024-06-22 04:05:35', '32.85'),
('2024-06-22 04:05:40', '33.31'),
('2024-06-22 04:05:45', '34.1'),
('2024-06-22 04:05:51', '23.26'),
('2024-06-22 04:05:56', '23.35'),
('2024-06-22 04:06:01', '33.67'),
('2024-06-22 04:06:07', '33.34'),
('2024-06-22 04:06:12', '33.58'),
('2024-06-22 04:06:18', '33.84'),
('2024-06-22 04:06:23', '32.89'),
('2024-06-22 04:06:28', '34.7'),
('2024-06-22 04:06:34', '33.2'),
('2024-06-22 04:06:39', '33.18'),
('2024-06-22 04:06:44', '33.22'),
('2024-06-22 04:06:50', '32.9'),
('2024-06-22 04:06:55', '33.13'),
('2024-06-22 04:07:00', '33.28'),
('2024-06-22 04:07:06', '33.64'),
('2024-06-22 04:07:11', '33.19'),
('2024-06-22 04:07:16', '33.58'),
('2024-06-22 04:07:22', '33.37'),
('2024-06-22 04:07:27', '34.59'),
('2024-06-22 04:07:32', '32.52'),
('2024-06-22 04:07:38', '33.22'),
('2024-06-22 04:07:43', '23.28'),
('2024-06-22 04:07:48', '33.05'),
('2024-06-22 04:07:54', '33.31'),
('2024-06-22 04:07:59', '33.45'),
('2024-06-22 04:08:05', '23.22'),
('2024-06-22 04:08:10', '33.07'),
('2024-06-22 04:08:15', '33.24'),
('2024-06-22 04:08:21', '34.93'),
('2024-06-22 04:08:26', '34.71'),
('2024-06-22 04:08:31', '32.93'),
('2024-06-22 04:08:37', '33.36'),
('2024-06-22 04:08:42', '33.3'),
('2024-06-22 04:08:47', '34.73'),
('2024-06-22 04:08:53', '33.4'),
('2024-06-22 04:08:58', '32.82'),
('2024-06-22 04:09:03', '33.35'),
('2024-06-22 04:09:09', '21.78'),
('2024-06-22 04:09:14', '33.22'),
('2024-06-22 04:09:19', '33.28'),
('2024-06-22 04:09:25', '33.5'),
('2024-06-22 04:09:30', '32.79'),
('2024-06-22 04:09:36', '24.89'),
('2024-06-22 04:09:41', '33.52'),
('2024-06-22 04:09:46', '34.54'),
('2024-06-22 04:09:52', '33.46'),
('2024-06-22 04:09:57', '23.56'),
('2024-06-22 04:10:02', '32.77'),
('2024-06-22 04:10:08', '34.87'),
('2024-06-22 04:10:13', '33.43'),
('2024-06-22 04:10:18', '33.48'),
('2024-06-22 04:10:24', '33.17'),
('2024-06-22 04:10:29', '33.41'),
('2024-06-22 04:10:34', '32.18'),
('2024-06-22 04:10:40', '33.4'),
('2024-06-22 04:10:45', '33.5'),
('2024-06-22 04:10:50', '33.55'),
('2024-06-22 04:10:56', '33.51'),
('2024-06-22 04:11:01', '23.42'),
('2024-06-22 04:11:06', '33.54'),
('2024-06-22 04:11:12', '34.88'),
('2024-06-22 04:11:17', '34.88'),
('2024-06-22 04:11:23', '33.42'),
('2024-06-22 04:11:28', '33.13'),
('2024-06-22 04:11:33', '33.46'),
('2024-06-22 04:11:39', '33.43'),
('2024-06-22 04:11:44', '34.47'),
('2024-06-22 04:11:49', '34.48'),
('2024-06-22 04:11:55', '33.45'),
('2024-06-22 04:12:00', '33.12'),
('2024-06-22 04:12:05', '33.46'),
('2024-06-22 04:12:11', '33.12'),
('2024-06-22 04:12:16', '33.61'),
('2024-06-22 04:12:21', '33.52'),
('2024-06-22 04:12:27', '32.95'),
('2024-06-22 04:12:32', '34.57'),
('2024-06-22 04:12:37', '33.17'),
('2024-06-22 04:12:43', '33.17'),
('2024-06-22 04:12:48', '33.23'),
('2024-06-22 04:12:53', '33.07'),
('2024-06-22 04:12:59', '33.06'),
('2024-06-22 04:13:04', '23.39'),
('2024-06-22 04:13:10', '32.97'),
('2024-06-22 04:13:15', '33.24'),
('2024-06-22 04:13:20', '33.46'),
('2024-06-22 04:13:26', '23.12'),
('2024-06-22 04:13:31', '33.16'),
('2024-06-22 04:13:36', '34.51'),
('2024-06-22 04:13:42', '33.17'),
('2024-06-22 04:13:47', '33.15'),
('2024-06-22 04:13:52', '33.2'),
('2024-06-22 04:13:58', '33.41'),
('2024-06-22 04:14:03', '34.41'),
('2024-06-22 04:14:08', '33.38'),
('2024-06-22 04:14:14', '24.51'),
('2024-06-22 04:14:19', '34.83'),
('2024-06-22 04:14:24', '33.17'),
('2024-06-22 04:14:30', '33.2'),
('2024-06-22 04:14:35', '33.55'),
('2024-06-22 04:14:41', '32.37'),
('2024-06-22 04:14:46', '33.51'),
('2024-06-22 04:14:51', '33.02'),
('2024-06-22 04:14:57', '33.2'),
('2024-06-22 04:15:02', '33.27'),
('2024-06-22 04:15:07', '33.5'),
('2024-06-22 04:15:13', '32.51'),
('2024-06-22 04:15:18', '33.43'),
('2024-06-22 04:15:23', '33.34'),
('2024-06-22 04:15:29', '23.25'),
('2024-06-22 04:15:34', '23.09'),
('2024-06-22 04:15:39', '33.34'),
('2024-06-22 04:15:45', '33.39'),
('2024-06-22 04:15:50', '33.4'),
('2024-06-22 04:15:55', '33.37'),
('2024-06-22 04:16:01', '33.21'),
('2024-06-22 04:16:06', '33.2'),
('2024-06-22 04:16:11', '33.21'),
('2024-06-22 04:16:17', '34.5'),
('2024-06-22 04:16:22', '33.39'),
('2024-06-22 04:16:28', '33.22'),
('2024-06-22 04:16:33', '34.82'),
('2024-06-22 04:16:38', '33.18'),
('2024-06-22 04:16:44', '34.38'),
('2024-06-22 04:16:49', '23.31'),
('2024-06-22 04:16:54', '33.26'),
('2024-06-22 04:17:00', '34.41'),
('2024-06-22 04:17:05', '33.37'),
('2024-06-22 04:17:10', '34.57'),
('2024-06-22 04:17:16', '23.15'),
('2024-06-22 04:17:21', '33.18'),
('2024-06-22 04:17:26', '32.94'),
('2024-06-22 04:17:32', '33.44'),
('2024-06-22 04:17:37', '33.44'),
('2024-06-22 04:17:42', '23.45'),
('2024-06-22 04:17:48', '32.61'),
('2024-06-22 04:17:53', '33.6'),
('2024-06-22 04:17:58', '33.22'),
('2024-06-22 04:18:04', '33.44'),
('2024-06-22 04:18:09', '23.28'),
('2024-06-22 04:18:15', '33.6'),
('2024-06-22 04:18:20', '33.53'),
('2024-06-22 04:18:25', '34.3'),
('2024-06-22 04:18:31', '33'),
('2024-06-22 04:18:36', '32.97'),
('2024-06-22 04:18:41', '33.26'),
('2024-06-22 04:18:47', '23.35'),
('2024-06-22 04:18:52', '33.3'),
('2024-06-22 04:18:57', '23.22'),
('2024-06-22 04:19:03', '35.09'),
('2024-06-22 04:19:08', '34.91'),
('2024-06-22 04:19:13', '34.62'),
('2024-06-22 04:19:19', '33.15'),
('2024-06-22 04:19:24', '33.73'),
('2024-06-22 04:19:29', '33.1'),
('2024-06-22 04:19:35', '33.33'),
('2024-06-22 04:19:40', '34.59'),
('2024-06-22 04:19:46', '34.74'),
('2024-06-22 04:19:51', '23.23'),
('2024-06-22 04:19:56', '33.48'),
('2024-06-22 04:20:02', '34.65'),
('2024-06-22 04:20:07', '23.33'),
('2024-06-22 04:20:12', '32.89'),
('2024-06-22 04:20:18', '33.21'),
('2024-06-22 04:20:23', '34.24'),
('2024-06-22 04:20:28', '34.73'),
('2024-06-22 04:20:34', '34.64'),
('2024-06-22 04:20:39', '23.39'),
('2024-06-22 04:20:44', '33.29'),
('2024-06-22 04:20:50', '33.07'),
('2024-06-22 04:20:55', '23.35'),
('2024-06-22 04:21:00', '34.62'),
('2024-06-22 04:21:06', '23.31'),
('2024-06-22 04:21:11', '33.3'),
('2024-06-22 04:21:17', '33.07'),
('2024-06-22 04:21:22', '33.42'),
('2024-06-22 04:21:27', '32.51'),
('2024-06-22 04:21:33', '33.21'),
('2024-06-22 04:21:38', '35.1'),
('2024-06-22 04:21:43', '33.29'),
('2024-06-22 04:21:49', '33.49'),
('2024-06-22 04:21:54', '33.39'),
('2024-06-22 04:21:59', '33.52'),
('2024-06-22 04:22:05', '32.74'),
('2024-06-22 04:22:10', '33.37'),
('2024-06-22 04:22:15', '33.16'),
('2024-06-22 04:22:26', '33.39'),
('2024-06-22 04:22:31', '23.46'),
('2024-06-22 04:22:37', '32.07'),
('2024-06-22 04:22:42', '34.99'),
('2024-06-22 04:22:47', '33.29'),
('2024-06-22 04:22:53', '31.99'),
('2024-06-22 04:22:58', '23.19'),
('2024-06-22 04:23:04', '33.45'),
('2024-06-22 04:23:09', '33.49'),
('2024-06-22 04:23:14', '23.28'),
('2024-06-22 04:23:20', '23.04'),
('2024-06-22 04:23:25', '33.26'),
('2024-06-22 04:23:30', '33.43'),
('2024-06-22 04:23:36', '33.49'),
('2024-06-22 04:23:41', '33.51'),
('2024-06-22 04:23:46', '33.34'),
('2024-06-22 04:23:52', '33.16'),
('2024-06-22 04:23:57', '33.18'),
('2024-06-22 04:24:02', '34.89'),
('2024-06-22 04:24:08', '33.4'),
('2024-06-22 04:24:13', '33.48'),
('2024-06-22 04:24:18', '33.23'),
('2024-06-22 04:24:24', '32.12'),
('2024-06-22 04:24:29', '24.76'),
('2024-06-22 04:24:35', '33.55'),
('2024-06-22 04:24:40', '33.52'),
('2024-06-22 04:24:45', '23.45'),
('2024-06-22 04:24:51', '23.39'),
('2024-06-22 04:24:56', '23.05'),
('2024-06-22 04:25:01', '33.39'),
('2024-06-22 04:25:07', '32.92'),
('2024-06-22 04:25:12', '33.08'),
('2024-06-22 04:25:17', '33.16'),
('2024-06-22 04:25:23', '33.02'),
('2024-06-22 04:25:28', '23.44'),
('2024-06-22 04:25:33', '32.8'),
('2024-06-22 04:25:39', '34.46'),
('2024-06-22 04:25:44', '32.75'),
('2024-06-22 04:25:49', '33.3'),
('2024-06-22 04:25:55', '32.92'),
('2024-06-22 04:26:00', '32.87'),
('2024-06-22 04:26:06', '32.35'),
('2024-06-22 04:26:11', '33.42'),
('2024-06-22 04:26:16', '33.09'),
('2024-06-22 04:26:22', '33.21'),
('2024-06-22 04:26:27', '33.23'),
('2024-06-22 04:26:32', '33.5'),
('2024-06-22 04:26:38', '33.25'),
('2024-06-22 04:26:43', '33.1'),
('2024-06-22 04:26:48', '35.05'),
('2024-06-22 04:26:54', '33.28'),
('2024-06-22 04:26:59', '33.54'),
('2024-06-22 04:27:04', '23.24'),
('2024-06-22 04:27:10', '33.46'),
('2024-06-22 04:27:15', '32.97'),
('2024-06-22 04:27:20', '33.33'),
('2024-06-22 04:27:26', '33.23'),
('2024-06-22 04:27:31', '33.55'),
('2024-06-22 04:27:36', '34.6'),
('2024-06-22 04:27:42', '33.25'),
('2024-06-22 04:27:47', '33.54'),
('2024-06-22 04:27:53', '34.54'),
('2024-06-22 04:27:58', '33.54'),
('2024-06-22 04:28:03', '33.52'),
('2024-06-22 04:28:09', '33'),
('2024-06-22 04:28:14', '33.25'),
('2024-06-22 04:28:19', '23.35'),
('2024-06-22 04:28:25', '33.26'),
('2024-06-22 04:28:30', '33.41'),
('2024-06-22 04:28:35', '33.18'),
('2024-06-22 04:28:41', '32.67'),
('2024-06-22 04:28:46', '33.33'),
('2024-06-22 04:28:51', '33.39'),
('2024-06-22 04:28:57', '34.02'),
('2024-06-22 04:29:02', '33.43'),
('2024-06-22 04:29:07', '33.51'),
('2024-06-22 04:29:13', '23.11'),
('2024-06-22 04:29:18', '23.56'),
('2024-06-22 04:29:24', '23.57'),
('2024-06-22 04:29:29', '23.38'),
('2024-06-22 04:29:34', '33.58'),
('2024-06-22 04:29:40', '23.43'),
('2024-06-22 04:29:45', '34.8'),
('2024-06-22 04:29:50', '23.17'),
('2024-06-22 04:29:56', '34.88'),
('2024-06-22 04:30:01', '33.5'),
('2024-06-22 04:30:06', '33.45'),
('2024-06-22 04:30:12', '33.4'),
('2024-06-22 04:30:17', '33.15'),
('2024-06-22 04:30:22', '33.41'),
('2024-06-22 04:30:28', '33.45'),
('2024-06-22 04:30:33', '33.26'),
('2024-06-22 04:30:38', '33.32'),
('2024-06-22 04:30:44', '33.26'),
('2024-06-22 04:30:49', '33.36'),
('2024-06-22 04:30:55', '33.31'),
('2024-06-22 04:31:00', '33.24'),
('2024-06-22 04:31:05', '23.2'),
('2024-06-22 04:31:11', '33.49'),
('2024-06-22 04:31:16', '33.57'),
('2024-06-22 04:31:21', '33.35'),
('2024-06-22 04:31:27', '33.45'),
('2024-06-22 04:31:32', '23.34'),
('2024-06-22 04:31:37', '33.23'),
('2024-06-22 04:31:43', '33.41'),
('2024-06-22 04:31:48', '33.56'),
('2024-06-22 04:31:53', '33.25'),
('2024-06-22 04:31:59', '33.53'),
('2024-06-22 04:32:04', '33.52'),
('2024-06-22 04:32:09', '33.6'),
('2024-06-22 04:32:15', '23.31'),
('2024-06-22 04:32:20', '33.52'),
('2024-06-22 04:32:26', '32.93'),
('2024-06-22 04:32:31', '23.22'),
('2024-06-22 04:32:36', '33.63'),
('2024-06-22 04:32:42', '33.33'),
('2024-06-22 04:32:47', '33.38'),
('2024-06-22 04:32:52', '33.53'),
('2024-06-22 04:32:58', '32.76'),
('2024-06-22 04:33:03', '33.36'),
('2024-06-22 04:33:08', '33.36'),
('2024-06-22 04:33:14', '33.56'),
('2024-06-22 04:33:19', '33.37'),
('2024-06-22 04:33:24', '33.71'),
('2024-06-22 04:33:30', '32.91'),
('2024-06-22 04:33:35', '33.51'),
('2024-06-22 04:33:40', '32.17'),
('2024-06-22 04:33:46', '34.98'),
('2024-06-22 04:33:51', '23.53'),
('2024-06-22 04:33:57', '33.06'),
('2024-06-22 04:34:02', '23.57'),
('2024-06-22 04:34:07', '21.67'),
('2024-06-22 04:34:13', '33.34'),
('2024-06-22 04:34:18', '22.06'),
('2024-06-22 04:34:23', '33.39'),
('2024-06-22 04:34:29', '32.76'),
('2024-06-22 04:34:34', '33.31'),
('2024-06-22 04:34:39', '33.45'),
('2024-06-22 04:34:45', '33.18'),
('2024-06-22 04:34:50', '34.92'),
('2024-06-22 04:34:55', '33.52'),
('2024-06-22 04:35:01', '33.53'),
('2024-06-22 04:35:06', '33.48'),
('2024-06-22 04:35:11', '33.21'),
('2024-06-22 04:35:17', '23.24'),
('2024-06-22 04:35:22', '33.31'),
('2024-06-22 04:35:28', '33.55'),
('2024-06-22 04:35:33', '23.37'),
('2024-06-22 04:35:38', '32.96'),
('2024-06-22 04:35:44', '23.18'),
('2024-06-22 04:35:49', '23.39'),
('2024-06-22 04:35:54', '23.28'),
('2024-06-22 04:36:00', '33.55'),
('2024-06-22 04:36:05', '33.42'),
('2024-06-22 04:36:10', '33.34'),
('2024-06-22 04:36:16', '33.56'),
('2024-06-22 04:36:21', '32.78'),
('2024-06-22 04:36:26', '33.37'),
('2024-06-22 04:36:32', '32.13'),
('2024-06-22 04:36:37', '33.46'),
('2024-06-22 04:36:42', '33.53'),
('2024-06-22 04:36:48', '23.53'),
('2024-06-22 04:36:53', '32.69'),
('2024-06-22 04:36:58', '33.71'),
('2024-06-22 04:37:04', '33.36'),
('2024-06-22 04:37:09', '33.54'),
('2024-06-22 04:37:15', '23.36'),
('2024-06-22 04:37:20', '23.34'),
('2024-06-22 04:37:25', '33.45'),
('2024-06-22 04:37:31', '33.32'),
('2024-06-22 04:37:36', '33.6'),
('2024-06-22 04:37:41', '23.4'),
('2024-06-22 04:37:47', '33.3'),
('2024-06-22 04:37:52', '23.28'),
('2024-06-22 04:37:57', '33.42'),
('2024-06-22 04:38:03', '33.43'),
('2024-06-22 04:38:08', '33.47'),
('2024-06-22 04:38:13', '33.47'),
('2024-06-22 04:38:19', '23.37'),
('2024-06-22 04:38:24', '33.37'),
('2024-06-22 04:38:29', '23.32'),
('2024-06-22 04:38:35', '23.53'),
('2024-06-22 04:38:40', '21.62'),
('2024-06-22 04:38:46', '33.52'),
('2024-06-22 04:38:51', '33.65'),
('2024-06-22 04:38:56', '33.57'),
('2024-06-22 04:39:02', '23.44'),
('2024-06-22 04:39:07', '23.71'),
('2024-06-22 04:39:12', '32.94'),
('2024-06-22 04:39:18', '33.66'),
('2024-06-22 04:39:23', '33.49'),
('2024-06-22 04:39:28', '23.4'),
('2024-06-22 04:39:34', '23.2'),
('2024-06-22 04:39:39', '33.52'),
('2024-06-22 04:39:44', '23.04'),
('2024-06-22 04:39:50', '34.88'),
('2024-06-22 04:39:55', '33.44'),
('2024-06-22 04:40:00', '34.92'),
('2024-06-22 04:40:06', '33.27'),
('2024-06-22 04:40:11', '33.43'),
('2024-06-22 04:40:17', '32.82'),
('2024-06-22 04:40:22', '33.35'),
('2024-06-22 04:40:27', '23.24'),
('2024-06-22 04:40:33', '23.31'),
('2024-06-22 04:40:38', '33.7'),
('2024-06-22 04:40:43', '33.21'),
('2024-06-22 04:40:49', '33.64'),
('2024-06-22 04:40:54', '32.82'),
('2024-06-22 04:40:59', '23.29'),
('2024-06-22 04:41:05', '33.24'),
('2024-06-22 04:41:10', '33.29'),
('2024-06-22 04:41:15', '33.22'),
('2024-06-22 04:41:21', '33.4'),
('2024-06-22 04:41:26', '22.97'),
('2024-06-22 04:41:31', '33.49'),
('2024-06-22 04:41:37', '33.45'),
('2024-06-22 04:41:42', '33.45'),
('2024-06-22 04:41:48', '23.3'),
('2024-06-22 04:41:53', '33.5'),
('2024-06-22 04:41:58', '32.97'),
('2024-06-22 04:42:04', '33.24'),
('2024-06-22 04:42:09', '23.2'),
('2024-06-22 04:42:14', '33.09'),
('2024-06-22 04:42:20', '33.19'),
('2024-06-22 04:42:25', '33.48'),
('2024-06-22 04:42:30', '32.72'),
('2024-06-22 04:42:36', '33.1'),
('2024-06-22 04:42:41', '33.28'),
('2024-06-22 04:42:46', '33.09'),
('2024-06-22 04:42:52', '33.21'),
('2024-06-22 04:42:57', '33.36'),
('2024-06-22 04:43:02', '23.08'),
('2024-06-22 04:43:08', '33.37'),
('2024-06-22 04:43:13', '33.07'),
('2024-06-22 04:43:19', '34.49'),
('2024-06-22 04:43:24', '23.34'),
('2024-06-22 04:43:29', '33.56'),
('2024-06-22 04:43:35', '33.3'),
('2024-06-22 04:43:40', '32.77'),
('2024-06-22 04:43:45', '34.77'),
('2024-06-22 04:43:51', '33.2'),
('2024-06-22 04:43:56', '24.61'),
('2024-06-22 04:44:01', '33.26'),
('2024-06-22 04:44:07', '33.4'),
('2024-06-22 04:44:12', '32.53'),
('2024-06-22 04:44:17', '33.47'),
('2024-06-22 04:44:23', '32.59'),
('2024-06-22 04:44:28', '34.69'),
('2024-06-22 04:44:34', '33.3'),
('2024-06-22 04:44:39', '33.14'),
('2024-06-22 04:44:44', '33.33'),
('2024-06-22 04:44:50', '33.37'),
('2024-06-22 04:44:55', '33.33'),
('2024-06-22 04:45:00', '33.38'),
('2024-06-22 04:45:06', '33.19'),
('2024-06-22 04:45:11', '33.09'),
('2024-06-22 04:45:16', '33.29'),
('2024-06-22 04:45:22', '33.46'),
('2024-06-22 04:45:27', '33.4'),
('2024-06-22 04:45:32', '33.41'),
('2024-06-22 04:45:38', '23.28'),
('2024-06-22 04:45:43', '33.41'),
('2024-06-22 04:45:48', '22.8'),
('2024-06-22 04:45:54', '23.32'),
('2024-06-22 04:45:59', '31.71'),
('2024-06-22 04:46:04', '33.47'),
('2024-06-22 04:46:10', '33.01'),
('2024-06-22 04:46:15', '33.56'),
('2024-06-22 04:46:21', '35.13'),
('2024-06-22 04:46:26', '32.92'),
('2024-06-22 04:46:31', '34.64'),
('2024-06-22 04:46:37', '33.17'),
('2024-06-22 04:46:42', '33.26'),
('2024-06-22 04:46:47', '33.36'),
('2024-06-22 04:46:53', '33.46'),
('2024-06-22 04:46:58', '33.49'),
('2024-06-22 04:47:03', '33.39'),
('2024-06-22 04:47:09', '33.13'),
('2024-06-22 04:47:14', '23.32'),
('2024-06-22 04:47:19', '33.37'),
('2024-06-22 04:47:25', '34.45'),
('2024-06-22 04:47:30', '33.08'),
('2024-06-22 04:47:35', '33.2'),
('2024-06-22 04:47:46', '23.2'),
('2024-06-22 04:47:52', '33.2'),
('2024-06-22 04:47:57', '32.64'),
('2024-06-22 04:48:02', '33.49'),
('2024-06-22 04:48:08', '33.16'),
('2024-06-22 04:48:13', '33.13'),
('2024-06-22 04:48:18', '33.25'),
('2024-06-22 04:48:24', '33.18'),
('2024-06-22 04:48:29', '33.32'),
('2024-06-22 04:48:34', '33.24'),
('2024-06-22 04:48:40', '33.03'),
('2024-06-22 04:48:45', '32.78'),
('2024-06-22 04:48:50', '34.71'),
('2024-06-22 04:48:56', '33.32'),
('2024-06-22 04:49:01', '33.21'),
('2024-06-22 04:49:06', '33.23'),
('2024-06-22 04:49:12', '33.31'),
('2024-06-22 04:49:17', '33.27'),
('2024-06-22 04:49:23', '33.44'),
('2024-06-22 04:49:28', '32.88'),
('2024-06-22 04:49:33', '33.09'),
('2024-06-22 04:49:39', '34.55'),
('2024-06-22 04:49:44', '24.65'),
('2024-06-22 04:49:49', '35.01'),
('2024-06-22 04:49:55', '32.7'),
('2024-06-22 04:50:00', '33.7'),
('2024-06-22 04:50:05', '22.94'),
('2024-06-22 04:50:11', '34.65'),
('2024-06-22 04:50:16', '22.82'),
('2024-06-22 04:50:21', '33.23'),
('2024-06-22 04:50:27', '33.4'),
('2024-06-22 04:50:32', '33.55'),
('2024-06-22 04:50:37', '33.65'),
('2024-06-22 04:50:43', '32.81'),
('2024-06-22 04:50:48', '33.19'),
('2024-06-22 04:50:54', '23.12'),
('2024-06-22 04:50:59', '34.98'),
('2024-06-22 04:51:04', '32.96'),
('2024-06-22 04:51:10', '33.44'),
('2024-06-22 04:51:15', '34.94'),
('2024-06-22 04:51:20', '32.77'),
('2024-06-22 04:51:26', '33.09'),
('2024-06-22 04:51:31', '33.33'),
('2024-06-22 04:51:36', '33.32'),
('2024-06-22 04:51:42', '33.24'),
('2024-06-22 04:51:47', '33.06'),
('2024-06-22 04:51:52', '32.89'),
('2024-06-22 04:51:58', '32.95'),
('2024-06-22 04:52:03', '34.72'),
('2024-06-22 04:52:08', '33.06'),
('2024-06-22 04:52:14', '33.01'),
('2024-06-22 04:52:19', '33.29'),
('2024-06-22 04:52:25', '33.34'),
('2024-06-22 04:52:30', '22.48'),
('2024-06-22 04:52:35', '23.09'),
('2024-06-22 04:52:41', '33.02'),
('2024-06-22 04:52:46', '33.24'),
('2024-06-22 04:52:51', '33.21'),
('2024-06-22 04:52:57', '33.11'),
('2024-06-22 04:53:02', '32.92'),
('2024-06-22 04:53:07', '33.2'),
('2024-06-22 04:53:13', '32.96'),
('2024-06-22 04:53:18', '33.04'),
('2024-06-22 04:53:23', '32.97'),
('2024-06-22 04:53:29', '33.32'),
('2024-06-22 04:53:34', '33.1'),
('2024-06-22 04:53:39', '32.63'),
('2024-06-22 04:53:45', '32.97'),
('2024-06-22 04:53:50', '21.47'),
('2024-06-22 04:53:56', '33.08'),
('2024-06-22 04:54:01', '23.07'),
('2024-06-22 04:54:06', '33.03'),
('2024-06-22 04:54:12', '33.55'),
('2024-06-22 04:54:17', '32.7'),
('2024-06-22 04:54:22', '33.11'),
('2024-06-22 04:54:28', '23.14'),
('2024-06-22 04:54:33', '23.21'),
('2024-06-22 04:54:38', '34.41'),
('2024-06-22 04:54:44', '32.95'),
('2024-06-22 04:54:49', '33.4'),
('2024-06-22 04:54:54', '32.72'),
('2024-06-22 04:55:00', '24.43'),
('2024-06-22 04:55:05', '31.53'),
('2024-06-22 04:55:10', '33.17'),
('2024-06-22 04:55:16', '33.06'),
('2024-06-22 04:55:21', '23'),
('2024-06-22 04:55:27', '33.41'),
('2024-06-22 04:55:32', '33.1'),
('2024-06-22 04:55:37', '23.94'),
('2024-06-22 04:55:43', '33.26'),
('2024-06-22 04:55:48', '32.7'),
('2024-06-22 04:55:53', '22.91'),
('2024-06-22 04:55:59', '32.99'),
('2024-06-22 04:56:04', '33.3'),
('2024-06-22 04:56:09', '33.13'),
('2024-06-22 04:56:15', '22.91'),
('2024-06-22 04:56:20', '23.45'),
('2024-06-22 04:56:25', '22.65'),
('2024-06-22 04:56:31', '32.93'),
('2024-06-22 04:56:36', '33.11'),
('2024-06-22 04:56:41', '33.3'),
('2024-06-22 04:56:47', '33.26'),
('2024-06-22 04:56:52', '23.12'),
('2024-06-22 04:56:58', '33.04'),
('2024-06-22 04:57:03', '32.19'),
('2024-06-22 04:57:08', '33.17'),
('2024-06-22 04:57:14', '31.44'),
('2024-06-22 04:57:19', '33.07'),
('2024-06-22 04:57:24', '33.09'),
('2024-06-22 04:57:30', '32.72'),
('2024-06-22 04:57:35', '33.05'),
('2024-06-22 04:57:40', '22.86'),
('2024-06-22 04:57:46', '33.46'),
('2024-06-22 04:57:51', '33.02'),
('2024-06-22 04:57:56', '33.08'),
('2024-06-22 04:58:02', '23.03'),
('2024-06-22 04:58:07', '33.31'),
('2024-06-22 04:58:12', '32.63'),
('2024-06-22 04:58:18', '34.49'),
('2024-06-22 04:58:23', '31.51'),
('2024-06-22 04:58:28', '32.83'),
('2024-06-22 04:58:34', '33.01'),
('2024-06-22 04:58:39', '33.01'),
('2024-06-22 04:58:45', '32.68'),
('2024-06-22 04:58:50', '32.88'),
('2024-06-22 04:58:55', '32.9'),
('2024-06-22 04:59:01', '33.08'),
('2024-06-22 04:59:06', '33.16'),
('2024-06-22 04:59:11', '33.18'),
('2024-06-22 04:59:17', '32.45'),
('2024-06-22 04:59:22', '34.18'),
('2024-06-22 04:59:27', '22.92'),
('2024-06-22 04:59:33', '33.32'),
('2024-06-22 04:59:38', '33.25'),
('2024-06-22 04:59:43', '23.34'),
('2024-06-22 04:59:49', '32.55'),
('2024-06-22 04:59:54', '23.27'),
('2024-06-22 04:59:59', '33.38'),
('2024-06-22 05:00:05', '33.46'),
('2024-06-22 05:00:10', '33.3'),
('2024-06-22 05:00:16', '33.57'),
('2024-06-22 05:00:21', '33.42'),
('2024-06-22 05:00:26', '33.26'),
('2024-06-22 05:00:32', '33.15'),
('2024-06-22 05:00:37', '32.94'),
('2024-06-22 05:00:42', '33.47'),
('2024-06-22 05:00:48', '23.25'),
('2024-06-22 05:00:53', '33.47'),
('2024-06-22 05:00:58', '33.31'),
('2024-06-22 05:01:04', '31.55'),
('2024-06-22 05:01:09', '33.4'),
('2024-06-22 05:01:14', '31.61'),
('2024-06-22 05:01:20', '23.22'),
('2024-06-22 05:01:25', '23.24'),
('2024-06-22 05:01:30', '33.35'),
('2024-06-22 05:01:36', '33.21'),
('2024-06-22 05:01:41', '33.39'),
('2024-06-22 05:01:47', '33.52'),
('2024-06-22 05:01:52', '23.37'),
('2024-06-22 05:01:57', '33.34'),
('2024-06-22 05:02:03', '33.55'),
('2024-06-22 05:02:08', '32.89'),
('2024-06-22 05:02:13', '33.38'),
('2024-06-22 05:02:19', '32.02'),
('2024-06-22 05:02:24', '33.02'),
('2024-06-22 05:02:29', '33.36'),
('2024-06-22 05:02:35', '31.63'),
('2024-06-22 05:02:40', '33.27'),
('2024-06-22 05:02:45', '33.19'),
('2024-06-22 05:02:51', '33.27'),
('2024-06-22 05:02:56', '33.06'),
('2024-06-22 05:03:01', '33.05'),
('2024-06-22 05:03:07', '33.26'),
('2024-06-22 05:03:12', '23.43'),
('2024-06-22 05:03:18', '33.5'),
('2024-06-22 05:03:23', '32.93'),
('2024-06-22 05:03:28', '33.59'),
('2024-06-22 05:03:34', '23.33'),
('2024-06-22 05:03:39', '33.48'),
('2024-06-22 05:03:44', '33.24'),
('2024-06-22 05:03:55', '33.41'),
('2024-06-22 05:04:00', '33.22'),
('2024-06-22 05:04:06', '33.6'),
('2024-06-22 05:04:11', '32.1'),
('2024-06-22 05:04:16', '33.32'),
('2024-06-22 05:04:22', '33.41'),
('2024-06-22 05:04:27', '33.33'),
('2024-06-22 05:04:32', '33.47'),
('2024-06-22 05:04:38', '33.33'),
('2024-06-22 05:04:43', '33.63'),
('2024-06-22 05:04:48', '33.03'),
('2024-06-22 05:04:54', '32.1'),
('2024-06-22 05:04:59', '33.01'),
('2024-06-22 05:05:05', '33.73'),
('2024-06-22 05:05:10', '32.06'),
('2024-06-22 05:05:15', '33.45'),
('2024-06-22 05:05:21', '31.76'),
('2024-06-22 05:05:26', '33.69'),
('2024-06-22 05:05:31', '33.05'),
('2024-06-22 05:05:37', '33.51'),
('2024-06-22 05:05:42', '33.29'),
('2024-06-22 05:05:47', '33.39'),
('2024-06-22 05:05:53', '33.35'),
('2024-06-22 05:05:58', '33.8'),
('2024-06-22 05:06:03', '33.32'),
('2024-06-22 05:06:09', '33.57'),
('2024-06-22 05:06:14', '31.83'),
('2024-06-22 05:06:19', '33.64'),
('2024-06-22 05:06:25', '33.3'),
('2024-06-22 05:06:30', '33.55'),
('2024-06-22 05:06:36', '31.54'),
('2024-06-22 05:06:41', '33.41'),
('2024-06-22 05:06:46', '33.73'),
('2024-06-22 05:06:52', '32.36'),
('2024-06-22 05:06:57', '33.32'),
('2024-06-22 05:07:02', '33.93'),
('2024-06-22 05:07:08', '33.61'),
('2024-06-22 05:07:13', '17.64'),
('2024-06-22 05:07:18', '32.01'),
('2024-06-22 05:07:24', '33.65'),
('2024-06-22 05:07:29', '33.98'),
('2024-06-22 05:07:34', '33.48'),
('2024-06-22 05:07:40', '33.7'),
('2024-06-22 05:07:45', '33.04'),
('2024-06-22 05:07:50', '33.42'),
('2024-06-22 05:07:56', '32.02'),
('2024-06-22 05:08:01', '33.66'),
('2024-06-22 05:08:07', '32.18'),
('2024-06-22 05:08:12', '33.46'),
('2024-06-22 05:08:17', '32.91'),
('2024-06-22 05:08:23', '33.56'),
('2024-06-22 05:08:28', '33.62'),
('2024-06-22 05:08:33', '32.07'),
('2024-06-22 05:08:39', '32.29'),
('2024-06-22 05:08:44', '34'),
('2024-06-22 05:08:49', '33.31'),
('2024-06-22 05:08:55', '33.74'),
('2024-06-22 05:09:00', '32.17'),
('2024-06-22 05:09:05', '33.41'),
('2024-06-22 05:09:11', '32.19'),
('2024-06-22 05:09:16', '33.82'),
('2024-06-22 05:09:21', '33.36'),
('2024-06-22 05:09:27', '33.56'),
('2024-06-22 05:09:32', '33.39'),
('2024-06-22 05:09:38', '33.41'),
('2024-06-22 05:09:43', '33.55'),
('2024-06-22 05:09:48', '33.56'),
('2024-06-22 05:09:54', '33.58'),
('2024-06-22 05:09:59', '33.31'),
('2024-06-22 05:10:04', '33.73'),
('2024-06-22 05:10:10', '32.85'),
('2024-06-22 05:10:15', '33.54'),
('2024-06-22 05:10:20', '33.5'),
('2024-06-22 05:10:26', '33.44'),
('2024-06-22 05:10:31', '33.57'),
('2024-06-22 05:10:36', '33.71'),
('2024-06-22 05:10:42', '33.73'),
('2024-06-22 05:10:47', '32.76'),
('2024-06-22 05:10:52', '33.72'),
('2024-06-22 05:10:58', '31.88'),
('2024-06-22 05:11:03', '33.45'),
('2024-06-22 05:11:09', '33.57'),
('2024-06-22 05:11:14', '33.43'),
('2024-06-22 05:11:19', '33.4'),
('2024-06-22 05:11:25', '31.62'),
('2024-06-22 05:11:30', '33.62'),
('2024-06-22 05:11:35', '33.45'),
('2024-06-22 05:11:41', '33.55'),
('2024-06-22 05:11:46', '33.69'),
('2024-06-22 05:11:51', '33.47'),
('2024-06-22 05:11:57', '33.69'),
('2024-06-22 05:12:02', '32.05'),
('2024-06-22 05:12:07', '33.7'),
('2024-06-22 05:12:13', '33.7'),
('2024-06-22 05:12:18', '33.71'),
('2024-06-22 05:12:23', '32.85'),
('2024-06-22 05:12:29', '33.5'),
('2024-06-22 05:12:34', '33.55'),
('2024-06-22 05:12:40', '23.48'),
('2024-06-22 05:12:45', '33.63'),
('2024-06-22 05:12:50', '33.72'),
('2024-06-22 05:12:56', '31.85'),
('2024-06-22 05:13:01', '35.2'),
('2024-06-22 05:13:06', '33.42'),
('2024-06-22 05:13:12', '33.53'),
('2024-06-22 05:13:17', '33.41'),
('2024-06-22 05:13:22', '32.17'),
('2024-06-22 05:13:28', '33.58'),
('2024-06-22 05:13:33', '33.6'),
('2024-06-22 05:13:38', '33.78'),
('2024-06-22 05:13:44', '33.9'),
('2024-06-22 05:13:49', '33.81'),
('2024-06-22 05:13:54', '33.3'),
('2024-06-22 05:14:00', '33.47'),
('2024-06-22 05:14:05', '33.62'),
('2024-06-22 05:14:11', '33.6'),
('2024-06-22 05:14:16', '32.16'),
('2024-06-22 05:14:21', '33.8'),
('2024-06-22 05:14:27', '32.89'),
('2024-06-22 05:14:32', '33.37'),
('2024-06-22 05:14:37', '33.61'),
('2024-06-22 05:14:43', '32.11'),
('2024-06-22 05:14:48', '35.19'),
('2024-06-22 05:14:53', '33.52'),
('2024-06-22 05:14:59', '33.6'),
('2024-06-22 05:15:04', '33.47'),
('2024-06-22 05:15:09', '23.74'),
('2024-06-22 05:15:15', '33.84'),
('2024-06-22 05:15:20', '33.69'),
('2024-06-22 05:15:25', '33.48'),
('2024-06-22 05:15:31', '33.81'),
('2024-06-22 05:15:36', '31.21'),
('2024-06-22 05:15:42', '33.78'),
('2024-06-22 05:15:47', '31.94'),
('2024-06-22 05:15:52', '33.74'),
('2024-06-22 05:15:58', '33.74'),
('2024-06-22 05:16:03', '33.83'),
('2024-06-22 05:16:08', '33.87'),
('2024-06-22 05:16:14', '33.06'),
('2024-06-22 05:16:19', '33.56'),
('2024-06-22 05:16:24', '35.19'),
('2024-06-22 05:16:30', '33.45'),
('2024-06-22 05:16:35', '33.8'),
('2024-06-22 05:16:40', '32.34'),
('2024-06-22 05:16:46', '33.76'),
('2024-06-22 05:16:51', '33.34'),
('2024-06-22 05:16:56', '33.93'),
('2024-06-22 05:17:02', '31.96'),
('2024-06-22 05:17:07', '33.84'),
('2024-06-22 05:17:13', '33.9'),
('2024-06-22 05:17:18', '34.12'),
('2024-06-22 05:17:23', '33.06'),
('2024-06-22 05:17:29', '33.65'),
('2024-06-22 05:17:34', '32.15'),
('2024-06-22 05:17:39', '33.56'),
('2024-06-22 05:17:45', '33.42'),
('2024-06-22 05:17:50', '33.26'),
('2024-06-22 05:17:55', '33.9'),
('2024-06-22 05:18:01', '33.77'),
('2024-06-22 05:18:06', '33.72'),
('2024-06-22 05:18:11', '33.7'),
('2024-06-22 05:18:17', '22.39'),
('2024-06-22 05:18:22', '31.96'),
('2024-06-22 05:18:27', '32.52'),
('2024-06-22 05:18:33', '32.35'),
('2024-06-22 05:18:38', '32.48'),
('2024-06-22 05:18:44', '32.53'),
('2024-06-22 05:18:49', '34.03'),
('2024-06-22 05:18:54', '34.28'),
('2024-06-22 05:19:00', '32.37'),
('2024-06-22 05:19:05', '33.48'),
('2024-06-22 05:19:10', '33.9'),
('2024-06-22 05:19:16', '33.74'),
('2024-06-22 05:19:21', '34.01'),
('2024-06-22 05:19:26', '33.96');
INSERT INTO `pju001` (`time`, `data`) VALUES
('2024-06-22 05:19:32', '34.02'),
('2024-06-22 05:19:37', '32.08'),
('2024-06-22 05:19:42', '32.39'),
('2024-06-22 05:19:48', '33.92'),
('2024-06-22 05:19:53', '32.34'),
('2024-06-22 05:19:58', '33.89'),
('2024-06-22 05:20:04', '31.45'),
('2024-06-22 05:20:09', '33.71'),
('2024-06-22 05:20:15', '32.47'),
('2024-06-22 05:20:20', '33.69'),
('2024-06-22 05:20:25', '33.91'),
('2024-06-22 05:20:31', '32.32'),
('2024-06-22 05:20:36', '32.36'),
('2024-06-22 05:20:41', '35.28'),
('2024-06-22 05:20:47', '35.22'),
('2024-06-22 05:20:52', '32.17'),
('2024-06-22 05:20:57', '32.01'),
('2024-06-22 05:21:03', '33.73'),
('2024-06-22 05:21:08', '32.11'),
('2024-06-22 05:21:13', '33.75'),
('2024-06-22 05:21:19', '33.77'),
('2024-06-22 05:21:24', '33.75'),
('2024-06-22 05:21:29', '33.88'),
('2024-06-22 05:21:35', '32.52'),
('2024-06-22 05:21:40', '33.84'),
('2024-06-22 05:21:46', '33.73'),
('2024-06-22 05:21:51', '32.53'),
('2024-06-22 05:21:56', '33.98'),
('2024-06-22 05:22:02', '34.03'),
('2024-06-22 05:22:07', '33.58'),
('2024-06-22 05:22:12', '33.34'),
('2024-06-22 05:22:18', '33.69'),
('2024-06-22 05:22:23', '33.38'),
('2024-06-22 05:22:28', '33.58'),
('2024-06-22 05:22:34', '33.51'),
('2024-06-22 05:22:39', '33.75'),
('2024-06-22 05:22:44', '31.56'),
('2024-06-22 05:22:50', '33.66'),
('2024-06-22 05:22:55', '33.91'),
('2024-06-22 05:23:00', '32.19'),
('2024-06-22 05:23:06', '33.72'),
('2024-06-22 05:23:11', '33.61'),
('2024-06-22 05:23:17', '33.74'),
('2024-06-22 05:23:22', '33.99'),
('2024-06-22 05:23:27', '33.8'),
('2024-06-22 05:23:33', '33.79'),
('2024-06-22 05:23:43', '100.1'),
('2024-06-22 05:23:54', '77.72'),
('2024-06-22 05:23:59', '58.71'),
('2024-06-22 05:24:05', '25.25'),
('2024-06-22 05:24:10', '91.43'),
('2024-06-22 05:24:15', '85.1'),
('2024-06-22 05:24:21', '36.86'),
('2024-06-22 05:24:26', '71.82'),
('2024-06-22 05:24:31', '95.5'),
('2024-06-22 05:24:37', '79.65'),
('2024-06-22 05:24:48', '93.45'),
('2024-06-22 05:24:53', '73.63'),
('2024-06-22 05:24:58', '72.17'),
('2024-06-22 05:25:04', '28.94'),
('2024-06-22 05:25:09', '104.73'),
('2024-06-22 05:25:14', '50.4'),
('2024-06-22 05:25:25', '58.81'),
('2024-06-22 05:25:30', '104.42'),
('2024-06-22 05:25:36', '112.86'),
('2024-06-22 05:25:41', '108.85'),
('2024-06-22 05:25:46', '87.28'),
('2024-06-22 05:25:52', '24.86'),
('2024-06-22 05:26:08', '24.81'),
('2024-06-22 05:26:13', '59.12'),
('2024-06-22 05:26:19', '85.72'),
('2024-06-22 05:26:24', '109.34'),
('2024-06-22 05:26:29', '106.3'),
('2024-06-22 05:26:35', '113.54'),
('2024-06-22 05:26:40', '87.97'),
('2024-06-22 05:26:45', '67.47'),
('2024-06-22 05:26:51', '68.89'),
('2024-06-22 05:26:56', '103.99'),
('2024-06-22 05:27:01', '31.96'),
('2024-06-22 05:27:07', '70.71'),
('2024-06-22 05:27:12', '78.52'),
('2024-06-22 05:27:17', '111.12'),
('2024-06-22 05:27:23', '111.19'),
('2024-06-22 05:27:28', '84.44'),
('2024-06-22 05:27:34', '53.52'),
('2024-06-22 05:27:44', '35.16'),
('2024-06-22 05:27:50', '58.59'),
('2024-06-22 05:27:55', '33.79'),
('2024-06-22 05:28:00', '20.79'),
('2024-06-22 05:28:11', '41.85'),
('2024-06-22 05:28:16', '133.21'),
('2024-06-22 05:28:22', '221.82'),
('2024-06-22 05:28:27', '101.66'),
('2024-06-22 05:28:38', '234.55'),
('2024-06-22 05:28:43', '151.07'),
('2024-06-22 05:28:48', '137.72'),
('2024-06-22 05:28:54', '180.95'),
('2024-06-22 05:28:59', '141.55'),
('2024-06-22 05:29:05', '181.21'),
('2024-06-22 05:29:10', '180.97'),
('2024-06-22 05:29:15', '100.69');

-- --------------------------------------------------------

--
-- Struktur dari tabel `pju001modif`
--

CREATE TABLE `pju001modif` (
  `time` varchar(100) NOT NULL,
  `power` double(8,2) NOT NULL
) ENGINE=InnoDB DEFAULT CHARSET=utf8mb4 COLLATE=utf8mb4_unicode_ci;

--
-- Dumping data untuk tabel `pju001modif`
--

INSERT INTO `pju001modif` (`time`, `power`) VALUES
('2024-06-20 22:33:01', 37.13),
('2024-06-20 22:33:07', 39.06),
('2024-06-20 22:33:12', 37.09),
('2024-06-20 22:33:17', 37.08),
('2024-06-20 22:33:23', 37.47),
('2024-06-20 22:33:28', 38.41),
('2024-06-20 22:33:33', 38.80),
('2024-06-20 22:33:39', 39.18),
('2024-06-20 22:33:44', 38.41),
('2024-06-20 22:33:49', 39.02),
('2024-06-20 22:33:55', 37.39),
('2024-06-20 22:34:00', 37.37),
('2024-06-20 22:34:06', 38.11),
('2024-06-20 22:34:11', 37.34),
('2024-06-20 22:34:16', 38.75),
('2024-06-20 22:34:22', 36.97),
('2024-06-20 22:34:27', 37.06),
('2024-06-20 22:34:32', 37.17),
('2024-06-20 22:34:38', 38.90),
('2024-06-20 22:34:43', 37.06),
('2024-06-20 22:34:48', 37.18),
('2024-06-20 22:34:54', 38.87),
('2024-06-20 22:34:59', 37.26),
('2024-06-20 22:35:05', 38.49),
('2024-06-20 22:35:10', 37.01),
('2024-06-20 22:35:21', 39.04),
('2024-06-20 22:35:26', 37.55),
('2024-06-20 22:35:31', 38.86),
('2024-06-20 22:35:37', 36.89),
('2024-06-20 22:35:42', 37.35),
('2024-06-20 22:35:48', 37.26),
('2024-06-20 22:35:53', 37.70),
('2024-06-20 22:35:58', 37.85),
('2024-06-20 22:36:04', 36.69),
('2024-06-20 22:36:09', 39.00),
('2024-06-20 22:36:14', 37.23),
('2024-06-20 22:36:28', 37.33),
('2024-06-20 22:36:57', 34.15),
('2024-06-20 22:37:02', 34.45),
('2024-06-20 22:37:08', 34.07),
('2024-06-20 22:37:13', 34.23),
('2024-06-20 22:37:18', 34.26),
('2024-06-20 22:37:24', 33.77),
('2024-06-20 22:37:29', 32.46),
('2024-06-20 22:37:34', 33.98),
('2024-06-20 22:37:40', 31.71),
('2024-06-20 22:37:45', 32.46),
('2024-06-20 22:37:50', 32.83),
('2024-06-20 22:37:56', 32.41),
('2024-06-20 22:38:01', 32.68),
('2024-06-20 22:38:06', 32.62),
('2024-06-20 22:38:12', 32.65),
('2024-06-20 22:38:17', 32.69),
('2024-06-20 22:38:23', 32.54),
('2024-06-20 22:38:28', 33.84),
('2024-06-20 22:38:33', 33.94),
('2024-06-20 22:38:39', 33.61),
('2024-06-20 22:38:44', 32.74),
('2024-06-20 22:38:49', 34.39),
('2024-06-20 22:38:55', 32.73),
('2024-06-20 22:39:00', 34.46),
('2024-06-20 22:39:05', 32.98),
('2024-06-20 22:39:11', 32.87),
('2024-06-20 22:39:16', 32.15),
('2024-06-20 22:39:22', 34.08),
('2024-06-20 22:39:27', 34.53),
('2024-06-20 22:39:32', 34.06),
('2024-06-20 22:39:38', 32.50),
('2024-06-20 22:39:43', 32.85),
('2024-06-20 22:39:48', 34.16),
('2024-06-20 22:39:54', 32.73),
('2024-06-20 22:39:59', 32.71),
('2024-06-20 22:40:04', 32.47),
('2024-06-20 22:40:10', 34.22),
('2024-06-20 22:40:15', 32.79),
('2024-06-20 22:40:21', 33.11),
('2024-06-20 22:40:26', 33.02),
('2024-06-20 22:40:31', 34.45),
('2024-06-20 22:40:37', 32.48),
('2024-06-20 22:40:42', 32.64),
('2024-06-20 22:40:47', 32.87),
('2024-06-20 22:40:53', 32.63),
('2024-06-20 22:40:58', 32.98),
('2024-06-20 22:41:04', 32.76),
('2024-06-20 22:41:09', 32.64),
('2024-06-20 22:41:14', 32.74),
('2024-06-20 22:41:20', 32.98),
('2024-06-20 22:41:25', 34.19),
('2024-06-20 22:41:30', 34.17),
('2024-06-20 22:41:36', 33.04),
('2024-06-20 22:41:41', 33.72),
('2024-06-20 22:41:47', 32.89),
('2024-06-20 22:41:52', 34.22),
('2024-06-20 22:41:57', 32.94),
('2024-06-20 22:42:03', 34.16),
('2024-06-20 22:42:08', 33.23),
('2024-06-20 22:42:13', 34.22),
('2024-06-20 22:42:19', 32.62),
('2024-06-20 22:42:24', 34.34),
('2024-06-20 22:42:29', 32.35),
('2024-06-20 22:42:35', 34.24),
('2024-06-20 22:42:40', 34.35),
('2024-06-20 22:42:45', 32.86),
('2024-06-20 22:42:51', 33.03),
('2024-06-20 22:42:56', 32.85),
('2024-06-20 22:43:02', 32.68),
('2024-06-20 22:43:07', 32.99),
('2024-06-20 22:43:12', 32.74),
('2024-06-20 22:43:18', 32.52),
('2024-06-20 22:43:23', 34.29),
('2024-06-20 22:43:28', 34.44),
('2024-06-20 22:43:34', 34.15),
('2024-06-20 22:43:39', 32.89),
('2024-06-20 22:43:44', 32.80),
('2024-06-20 22:43:50', 32.90),
('2024-06-20 22:43:55', 33.12),
('2024-06-20 22:44:01', 32.69),
('2024-06-20 22:44:06', 32.58),
('2024-06-20 22:44:11', 33.77),
('2024-06-20 22:44:17', 34.63),
('2024-06-20 22:44:22', 34.26),
('2024-06-20 22:44:27', 32.60),
('2024-06-20 22:44:33', 34.17),
('2024-06-20 22:44:38', 32.89),
('2024-06-20 22:44:43', 32.91),
('2024-06-20 22:44:49', 32.60),
('2024-06-20 22:44:54', 32.42),
('2024-06-20 22:45:00', 32.27),
('2024-06-20 22:45:05', 32.54),
('2024-06-20 22:45:10', 33.70),
('2024-06-20 22:45:16', 32.53),
('2024-06-20 22:45:21', 34.03),
('2024-06-20 22:45:26', 32.38),
('2024-06-20 22:45:32', 32.26),
('2024-06-20 22:45:37', 32.05),
('2024-06-20 22:45:42', 32.82),
('2024-06-20 22:45:48', 32.67),
('2024-06-20 22:45:53', 32.44),
('2024-06-20 22:45:59', 32.66),
('2024-06-20 22:46:04', 33.77),
('2024-06-20 22:46:09', 33.99),
('2024-06-20 22:46:15', 32.95),
('2024-06-20 22:46:20', 33.16),
('2024-06-20 22:46:25', 33.09),
('2024-06-20 22:46:31', 34.62),
('2024-06-20 22:46:36', 33.19),
('2024-06-20 22:46:41', 33.34),
('2024-06-20 22:46:47', 68.49),
('2024-06-21 23:53:02', 24.53),
('2024-06-21 23:58:31', 24.84),
('2024-06-21 23:58:41', 35.58),
('2024-06-21 23:59:13', 24.68),
('2024-06-21 23:59:19', 22.83),
('2024-06-21 23:59:40', 24.53),
('2024-06-22 00:00:07', 22.91),
('2024-06-22 03:12:32', 34.68),
('2024-06-22 03:12:38', 33.10),
('2024-06-22 03:12:43', 24.45),
('2024-06-22 03:12:53', 24.61),
('2024-06-22 03:12:59', 23.14),
('2024-06-22 03:13:04', 34.74),
('2024-06-22 03:13:09', 24.58),
('2024-06-22 03:13:15', 24.41),
('2024-06-22 03:13:20', 24.46),
('2024-06-22 03:13:25', 24.58),
('2024-06-22 03:13:31', 24.36),
('2024-06-22 03:13:36', 23.06),
('2024-06-22 03:13:41', 23.12),
('2024-06-22 03:13:47', 34.42),
('2024-06-22 03:13:52', 23.22),
('2024-06-22 03:13:57', 24.32),
('2024-06-22 03:14:03', 23.00),
('2024-06-22 03:14:08', 23.04),
('2024-06-22 03:14:13', 33.25),
('2024-06-22 03:14:19', 22.89),
('2024-06-22 03:14:24', 33.04),
('2024-06-22 03:14:29', 23.20),
('2024-06-22 03:14:35', 24.64),
('2024-06-22 03:14:45', 22.94),
('2024-06-22 03:14:51', 23.08),
('2024-06-22 03:14:56', 34.30),
('2024-06-22 03:15:01', 33.11),
('2024-06-22 03:15:07', 24.74),
('2024-06-22 03:15:18', 33.35),
('2024-06-22 03:15:23', 24.46),
('2024-06-22 03:15:28', 32.69),
('2024-06-22 03:15:33', 24.47),
('2024-06-22 03:15:39', 24.44),
('2024-06-22 03:15:44', 23.27),
('2024-06-22 03:15:49', 23.24),
('2024-06-22 03:15:55', 23.09),
('2024-06-22 03:16:00', 34.31),
('2024-06-22 03:16:05', 24.52),
('2024-06-22 03:16:11', 23.00),
('2024-06-22 03:16:16', 23.11),
('2024-06-22 03:16:27', 24.34),
('2024-06-22 03:16:32', 32.85),
('2024-06-22 03:16:37', 33.07),
('2024-06-22 03:16:43', 33.08),
('2024-06-22 03:16:59', 24.57),
('2024-06-22 03:17:04', 33.75),
('2024-06-22 03:17:09', 24.65),
('2024-06-22 03:17:15', 22.93),
('2024-06-22 03:17:20', 32.76),
('2024-06-22 03:17:25', 34.05),
('2024-06-22 03:17:31', 22.90),
('2024-06-22 03:17:36', 32.88),
('2024-06-22 03:17:41', 33.13),
('2024-06-22 03:17:47', 22.68),
('2024-06-22 03:17:52', 24.54),
('2024-06-22 03:17:57', 34.53),
('2024-06-22 03:18:03', 23.00),
('2024-06-22 03:18:08', 32.87),
('2024-06-22 03:18:13', 24.39),
('2024-06-22 03:18:19', 23.01),
('2024-06-22 03:18:24', 33.09),
('2024-06-22 03:18:29', 32.69),
('2024-06-22 03:18:35', 23.27),
('2024-06-22 03:18:40', 24.31),
('2024-06-22 03:18:45', 32.99),
('2024-06-22 03:18:51', 32.88),
('2024-06-22 03:18:56', 34.39),
('2024-06-22 03:19:01', 24.27),
('2024-06-22 03:19:07', 23.16),
('2024-06-22 03:19:12', 22.76),
('2024-06-22 03:19:17', 24.48),
('2024-06-22 03:19:23', 33.21),
('2024-06-22 03:19:28', 22.66),
('2024-06-22 03:19:33', 24.35),
('2024-06-22 03:19:39', 23.17),
('2024-06-22 03:19:44', 22.96),
('2024-06-22 03:19:49', 24.64),
('2024-06-22 03:19:55', 34.47),
('2024-06-22 03:20:21', 24.46),
('2024-06-22 03:20:27', 22.95),
('2024-06-22 03:20:32', 32.95),
('2024-06-22 03:20:37', 24.52),
('2024-06-22 03:20:43', 22.95),
('2024-06-22 03:20:48', 23.21),
('2024-06-22 03:20:53', 32.76),
('2024-06-22 03:20:59', 23.05),
('2024-06-22 03:21:04', 32.92),
('2024-06-22 03:21:10', 24.48),
('2024-06-22 03:21:15', 33.09),
('2024-06-22 03:21:20', 22.88),
('2024-06-22 03:21:26', 34.42),
('2024-06-22 03:21:31', 33.09),
('2024-06-22 03:21:36', 24.19),
('2024-06-22 03:21:42', 34.41),
('2024-06-22 03:21:47', 32.82),
('2024-06-22 03:21:52', 32.59),
('2024-06-22 03:21:58', 32.84),
('2024-06-22 03:22:03', 32.65),
('2024-06-22 03:22:08', 33.06),
('2024-06-22 03:22:14', 32.55),
('2024-06-22 03:22:19', 33.01),
('2024-06-22 03:22:24', 33.00),
('2024-06-22 03:22:30', 24.31),
('2024-06-22 03:22:35', 32.78),
('2024-06-22 03:22:41', 32.88),
('2024-06-22 03:22:46', 33.31),
('2024-06-22 03:22:51', 33.62),
('2024-06-22 03:22:57', 32.76),
('2024-06-22 03:23:02', 34.11),
('2024-06-22 03:23:07', 23.02),
('2024-06-22 03:23:13', 33.07),
('2024-06-22 03:23:18', 32.87),
('2024-06-22 03:23:23', 31.95),
('2024-06-22 03:23:29', 32.74),
('2024-06-22 03:23:34', 34.47),
('2024-06-22 03:23:39', 32.84),
('2024-06-22 03:23:45', 32.68),
('2024-06-22 03:23:50', 33.08),
('2024-06-22 03:23:55', 32.85),
('2024-06-22 03:24:01', 32.25),
('2024-06-22 03:24:06', 34.66),
('2024-06-22 03:24:12', 34.44),
('2024-06-22 03:24:17', 32.67),
('2024-06-22 03:24:22', 32.69),
('2024-06-22 03:24:28', 32.90),
('2024-06-22 03:24:33', 22.96),
('2024-06-22 03:24:38', 32.80),
('2024-06-22 03:24:44', 23.10),
('2024-06-22 03:24:49', 34.37),
('2024-06-22 03:24:54', 22.72),
('2024-06-22 03:25:00', 32.75),
('2024-06-22 03:25:05', 34.36),
('2024-06-22 03:25:10', 33.08),
('2024-06-22 03:25:16', 34.34),
('2024-06-22 03:25:21', 33.02),
('2024-06-22 03:25:26', 34.56),
('2024-06-22 03:25:32', 32.88),
('2024-06-22 03:25:37', 32.96),
('2024-06-22 03:25:43', 34.42),
('2024-06-22 03:25:48', 32.98),
('2024-06-22 03:25:53', 23.04),
('2024-06-22 03:25:59', 32.31),
('2024-06-22 03:26:04', 32.91),
('2024-06-22 03:26:09', 34.22),
('2024-06-22 03:26:15', 24.40),
('2024-06-22 03:26:20', 32.96),
('2024-06-22 03:26:25', 33.00),
('2024-06-22 03:26:31', 34.50),
('2024-06-22 03:26:36', 32.79),
('2024-06-22 03:26:41', 33.97),
('2024-06-22 03:26:47', 32.76),
('2024-06-22 03:26:52', 32.84),
('2024-06-22 03:26:57', 34.27),
('2024-06-22 03:27:03', 33.00),
('2024-06-22 03:27:08', 24.28),
('2024-06-22 03:27:14', 33.04),
('2024-06-22 03:27:19', 34.49),
('2024-06-22 03:27:24', 32.29),
('2024-06-22 03:27:30', 32.82),
('2024-06-22 03:27:35', 22.83),
('2024-06-22 03:27:40', 32.93),
('2024-06-22 03:27:46', 32.79),
('2024-06-22 03:27:51', 32.98),
('2024-06-22 03:27:56', 33.09),
('2024-06-22 03:28:02', 32.42),
('2024-06-22 03:28:07', 34.39),
('2024-06-22 03:28:12', 32.85),
('2024-06-22 03:28:18', 32.95),
('2024-06-22 03:28:23', 33.09),
('2024-06-22 03:28:28', 33.01),
('2024-06-22 03:28:34', 34.40),
('2024-06-22 03:28:39', 34.05),
('2024-06-22 03:28:45', 24.31),
('2024-06-22 03:28:50', 34.16),
('2024-06-22 03:28:55', 33.02),
('2024-06-22 03:29:01', 34.68),
('2024-06-22 03:29:06', 33.08),
('2024-06-22 03:29:11', 33.19),
('2024-06-22 03:29:17', 33.05),
('2024-06-22 03:29:22', 32.67),
('2024-06-22 03:29:27', 34.39),
('2024-06-22 03:29:33', 32.77),
('2024-06-22 03:29:38', 32.52),
('2024-06-22 03:29:43', 32.96),
('2024-06-22 03:29:49', 33.17),
('2024-06-22 03:29:54', 33.30),
('2024-06-22 03:29:59', 32.56),
('2024-06-22 03:30:05', 34.19),
('2024-06-22 03:30:10', 34.28),
('2024-06-22 03:30:16', 32.43),
('2024-06-22 03:30:21', 22.89),
('2024-06-22 03:30:26', 32.72),
('2024-06-22 03:30:32', 32.79),
('2024-06-22 03:30:37', 32.68),
('2024-06-22 03:30:42', 34.23),
('2024-06-22 03:30:48', 32.47),
('2024-06-22 03:30:53', 32.73),
('2024-06-22 03:30:58', 32.65),
('2024-06-22 03:31:04', 24.36),
('2024-06-22 03:31:09', 32.58),
('2024-06-22 03:31:14', 32.64),
('2024-06-22 03:31:20', 32.80),
('2024-06-22 03:31:25', 32.97),
('2024-06-22 03:31:30', 32.88),
('2024-06-22 03:31:36', 23.09),
('2024-06-22 03:31:41', 23.05),
('2024-06-22 03:31:47', 32.96),
('2024-06-22 03:31:52', 32.90),
('2024-06-22 03:31:57', 23.22),
('2024-06-22 03:32:03', 34.16),
('2024-06-22 03:32:08', 33.02),
('2024-06-22 03:32:13', 34.22),
('2024-06-22 03:32:19', 33.03),
('2024-06-22 03:32:24', 32.84),
('2024-06-22 03:32:29', 33.02),
('2024-06-22 03:32:35', 33.04),
('2024-06-22 03:32:40', 32.96),
('2024-06-22 03:32:45', 32.02),
('2024-06-22 03:32:51', 34.15),
('2024-06-22 03:32:56', 32.68),
('2024-06-22 03:33:01', 32.72),
('2024-06-22 03:33:07', 33.00),
('2024-06-22 03:33:12', 23.19),
('2024-06-22 03:33:18', 22.84),
('2024-06-22 03:33:23', 34.31),
('2024-06-22 03:33:28', 32.88),
('2024-06-22 03:33:34', 32.61),
('2024-06-22 03:33:39', 33.02),
('2024-06-22 03:33:44', 24.64),
('2024-06-22 03:33:50', 32.87),
('2024-06-22 03:33:55', 34.52),
('2024-06-22 03:34:00', 33.05),
('2024-06-22 03:34:06', 33.13),
('2024-06-22 03:34:11', 33.23),
('2024-06-22 03:34:16', 32.81),
('2024-06-22 03:34:22', 23.27),
('2024-06-22 03:34:27', 33.54),
('2024-06-22 03:34:32', 23.06),
('2024-06-22 03:34:38', 34.59),
('2024-06-22 03:34:43', 33.39),
('2024-06-22 03:34:49', 23.01),
('2024-06-22 03:34:54', 33.29),
('2024-06-22 03:34:59', 23.08),
('2024-06-22 03:35:05', 33.01),
('2024-06-22 03:35:10', 34.79),
('2024-06-22 03:35:15', 32.92),
('2024-06-22 03:35:21', 33.25),
('2024-06-22 03:35:26', 33.28),
('2024-06-22 03:35:31', 33.26),
('2024-06-22 03:35:37', 33.43),
('2024-06-22 03:35:42', 33.63),
('2024-06-22 03:35:47', 23.39),
('2024-06-22 03:35:53', 24.96),
('2024-06-22 03:35:58', 33.69),
('2024-06-22 03:36:03', 23.54),
('2024-06-22 03:36:09', 33.52),
('2024-06-22 03:36:14', 23.40),
('2024-06-22 03:36:20', 32.50),
('2024-06-22 03:36:25', 23.41),
('2024-06-22 03:36:30', 34.77),
('2024-06-22 03:36:36', 33.39),
('2024-06-22 03:36:41', 33.28),
('2024-06-22 03:36:46', 33.27),
('2024-06-22 03:36:52', 33.15),
('2024-06-22 03:36:57', 23.05),
('2024-06-22 03:37:02', 33.18),
('2024-06-22 03:37:08', 34.56),
('2024-06-22 03:37:13', 32.79),
('2024-06-22 03:37:18', 34.84),
('2024-06-22 03:37:24', 33.43),
('2024-06-22 03:37:29', 33.58),
('2024-06-22 03:37:34', 33.83),
('2024-06-22 03:37:40', 33.12),
('2024-06-22 03:37:45', 32.90),
('2024-06-22 03:37:51', 33.44),
('2024-06-22 03:37:56', 33.22),
('2024-06-22 03:38:01', 33.39),
('2024-06-22 03:38:07', 33.31),
('2024-06-22 03:38:12', 24.82),
('2024-06-22 03:38:17', 33.15),
('2024-06-22 03:38:23', 33.26),
('2024-06-22 03:38:28', 33.49),
('2024-06-22 03:38:33', 33.24),
('2024-06-22 03:38:39', 32.99),
('2024-06-22 03:38:44', 33.18),
('2024-06-22 03:38:49', 32.90),
('2024-06-22 03:38:55', 23.39),
('2024-06-22 03:39:00', 33.14),
('2024-06-22 03:39:05', 33.45),
('2024-06-22 03:39:11', 33.44),
('2024-06-22 03:39:16', 23.31),
('2024-06-22 03:39:21', 33.12),
('2024-06-22 03:39:27', 34.51),
('2024-06-22 03:39:32', 33.11),
('2024-06-22 03:39:38', 32.58),
('2024-06-22 03:39:43', 33.50),
('2024-06-22 03:39:48', 23.36),
('2024-06-22 03:39:54', 23.35),
('2024-06-22 03:39:59', 33.32),
('2024-06-22 03:40:04', 33.46),
('2024-06-22 03:40:10', 33.62),
('2024-06-22 03:40:15', 32.97),
('2024-06-22 03:40:20', 33.07),
('2024-06-22 03:40:26', 23.12),
('2024-06-22 03:40:31', 33.37),
('2024-06-22 03:40:36', 33.73),
('2024-06-22 03:40:42', 23.40),
('2024-06-22 03:40:47', 31.88),
('2024-06-22 03:40:52', 23.41),
('2024-06-22 03:40:58', 24.92),
('2024-06-22 03:41:03', 23.28),
('2024-06-22 03:41:09', 33.56),
('2024-06-22 03:41:14', 23.30),
('2024-06-22 03:41:19', 33.77),
('2024-06-22 03:41:25', 33.12),
('2024-06-22 03:41:30', 33.42),
('2024-06-22 03:41:35', 24.76),
('2024-06-22 03:41:41', 33.33),
('2024-06-22 03:41:46', 34.83),
('2024-06-22 03:41:51', 34.71),
('2024-06-22 03:41:57', 33.05),
('2024-06-22 03:42:02', 24.64),
('2024-06-22 03:42:07', 32.92),
('2024-06-22 03:42:13', 35.04),
('2024-06-22 03:42:18', 33.55),
('2024-06-22 03:42:23', 33.34),
('2024-06-22 03:42:29', 33.21),
('2024-06-22 03:42:34', 34.62),
('2024-06-22 03:42:40', 33.27),
('2024-06-22 03:42:45', 32.97),
('2024-06-22 03:42:50', 23.25),
('2024-06-22 03:42:56', 33.10),
('2024-06-22 03:43:01', 22.90),
('2024-06-22 03:43:06', 32.96),
('2024-06-22 03:43:12', 33.25),
('2024-06-22 03:43:17', 33.36),
('2024-06-22 03:43:22', 22.98),
('2024-06-22 03:43:28', 33.50),
('2024-06-22 03:43:33', 34.88),
('2024-06-22 03:43:38', 33.27),
('2024-06-22 03:43:44', 34.40),
('2024-06-22 03:43:49', 24.66),
('2024-06-22 03:43:54', 33.32),
('2024-06-22 03:44:00', 33.63),
('2024-06-22 03:44:05', 32.96),
('2024-06-22 03:44:11', 34.53),
('2024-06-22 03:44:16', 33.09),
('2024-06-22 03:44:21', 33.18),
('2024-06-22 03:44:27', 33.51),
('2024-06-22 03:44:32', 33.36),
('2024-06-22 03:44:37', 23.11),
('2024-06-22 03:44:43', 34.94),
('2024-06-22 03:44:48', 34.11),
('2024-06-22 03:44:53', 33.09),
('2024-06-22 03:44:59', 33.09),
('2024-06-22 03:45:04', 33.41),
('2024-06-22 03:45:09', 33.35),
('2024-06-22 03:45:15', 33.37),
('2024-06-22 03:45:20', 33.36),
('2024-06-22 03:45:25', 33.29),
('2024-06-22 03:45:31', 32.57),
('2024-06-22 03:45:36', 33.32),
('2024-06-22 03:45:42', 34.96),
('2024-06-22 03:45:47', 33.18),
('2024-06-22 03:45:52', 23.26),
('2024-06-22 03:45:58', 32.00),
('2024-06-22 03:46:03', 33.13),
('2024-06-22 03:46:08', 23.19),
('2024-06-22 03:46:14', 33.13),
('2024-06-22 03:46:19', 34.74),
('2024-06-22 03:46:24', 23.19),
('2024-06-22 03:46:30', 33.34),
('2024-06-22 03:46:35', 33.59),
('2024-06-22 03:46:40', 23.18),
('2024-06-22 03:46:46', 35.12),
('2024-06-22 03:46:51', 33.35),
('2024-06-22 03:46:56', 24.74),
('2024-06-22 03:47:02', 33.04),
('2024-06-22 03:47:07', 24.53),
('2024-06-22 03:47:12', 33.52),
('2024-06-22 03:47:18', 33.47),
('2024-06-22 03:47:23', 34.05),
('2024-06-22 03:47:28', 23.33),
('2024-06-22 03:47:34', 34.90),
('2024-06-22 03:47:39', 33.28),
('2024-06-22 03:47:45', 22.86),
('2024-06-22 03:47:50', 34.47),
('2024-06-22 03:47:55', 33.20),
('2024-06-22 03:48:01', 23.09),
('2024-06-22 03:48:06', 33.51),
('2024-06-22 03:48:11', 33.27),
('2024-06-22 03:48:17', 33.36),
('2024-06-22 03:48:22', 33.24),
('2024-06-22 03:48:27', 23.33),
('2024-06-22 03:48:33', 33.20),
('2024-06-22 03:48:38', 23.18),
('2024-06-22 03:48:43', 32.72),
('2024-06-22 03:48:49', 33.23),
('2024-06-22 03:48:54', 33.27),
('2024-06-22 03:48:59', 33.15),
('2024-06-22 03:49:05', 34.79),
('2024-06-22 03:49:10', 34.70),
('2024-06-22 03:49:15', 23.08),
('2024-06-22 03:49:21', 33.27),
('2024-06-22 03:49:26', 32.90),
('2024-06-22 03:49:32', 33.28),
('2024-06-22 03:49:37', 24.54),
('2024-06-22 03:49:42', 32.98),
('2024-06-22 03:49:48', 24.48),
('2024-06-22 03:49:53', 33.07),
('2024-06-22 03:49:58', 34.80),
('2024-06-22 03:50:04', 34.72),
('2024-06-22 03:50:09', 34.36),
('2024-06-22 03:50:14', 34.71),
('2024-06-22 03:50:20', 33.50),
('2024-06-22 03:50:25', 24.46),
('2024-06-22 03:50:30', 32.69),
('2024-06-22 03:50:36', 33.33),
('2024-06-22 03:50:41', 23.22),
('2024-06-22 03:50:46', 32.94),
('2024-06-22 03:50:52', 34.37),
('2024-06-22 03:50:57', 33.07),
('2024-06-22 03:51:02', 33.11),
('2024-06-22 03:51:08', 33.30),
('2024-06-22 03:51:13', 33.18),
('2024-06-22 03:51:19', 34.82),
('2024-06-22 03:51:24', 33.50),
('2024-06-22 03:51:29', 32.79),
('2024-06-22 03:51:35', 33.03),
('2024-06-22 03:51:40', 33.30),
('2024-06-22 03:51:45', 33.09),
('2024-06-22 03:51:51', 33.26),
('2024-06-22 03:51:56', 33.30),
('2024-06-22 03:52:01', 33.47),
('2024-06-22 03:52:07', 34.69),
('2024-06-22 03:52:12', 33.12),
('2024-06-22 03:52:17', 33.18),
('2024-06-22 03:52:23', 33.07),
('2024-06-22 03:52:28', 33.23),
('2024-06-22 03:52:33', 32.38),
('2024-06-22 03:52:39', 34.44),
('2024-06-22 03:52:44', 33.50),
('2024-06-22 03:52:49', 34.61),
('2024-06-22 03:52:55', 32.81),
('2024-06-22 03:53:00', 33.16),
('2024-06-22 03:53:05', 33.00),
('2024-06-22 03:53:11', 23.21),
('2024-06-22 03:53:16', 35.03),
('2024-06-22 03:53:21', 33.24),
('2024-06-22 03:53:27', 33.19),
('2024-06-22 03:53:32', 33.11),
('2024-06-22 03:53:38', 34.52),
('2024-06-22 03:53:43', 23.22),
('2024-06-22 03:53:48', 31.72),
('2024-06-22 03:53:54', 34.43),
('2024-06-22 03:53:59', 34.58),
('2024-06-22 03:54:04', 24.58),
('2024-06-22 03:54:10', 34.84),
('2024-06-22 03:54:15', 23.38),
('2024-06-22 03:54:20', 23.37),
('2024-06-22 03:54:26', 33.39),
('2024-06-22 03:54:31', 34.63),
('2024-06-22 03:54:36', 33.46),
('2024-06-22 03:54:42', 33.15),
('2024-06-22 03:54:47', 33.19),
('2024-06-22 03:54:52', 33.35),
('2024-06-22 03:54:58', 33.03),
('2024-06-22 03:55:03', 33.43),
('2024-06-22 03:55:09', 32.56),
('2024-06-22 03:55:14', 33.24),
('2024-06-22 03:55:19', 23.31),
('2024-06-22 03:55:25', 33.41),
('2024-06-22 03:55:30', 33.48),
('2024-06-22 03:55:35', 33.46),
('2024-06-22 03:55:41', 34.54),
('2024-06-22 03:55:46', 33.08),
('2024-06-22 03:55:51', 33.09),
('2024-06-22 03:55:57', 34.65),
('2024-06-22 03:56:02', 33.41),
('2024-06-22 03:56:07', 33.45),
('2024-06-22 03:56:13', 33.44),
('2024-06-22 03:56:18', 34.31),
('2024-06-22 03:56:23', 33.40),
('2024-06-22 03:56:29', 23.41),
('2024-06-22 03:56:34', 33.45),
('2024-06-22 03:56:39', 33.19),
('2024-06-22 03:56:45', 23.31),
('2024-06-22 03:56:50', 34.88),
('2024-06-22 03:56:56', 32.78),
('2024-06-22 03:57:01', 33.17),
('2024-06-22 03:57:06', 24.71),
('2024-06-22 03:57:12', 33.55),
('2024-06-22 03:57:17', 33.29),
('2024-06-22 03:57:22', 34.55),
('2024-06-22 03:57:28', 33.40),
('2024-06-22 03:57:33', 33.47),
('2024-06-22 03:57:38', 33.65),
('2024-06-22 03:57:44', 33.22),
('2024-06-22 03:57:49', 33.21),
('2024-06-22 03:57:54', 33.14),
('2024-06-22 03:58:00', 32.91),
('2024-06-22 03:58:05', 33.47),
('2024-06-22 03:58:10', 34.30),
('2024-06-22 03:58:16', 32.98),
('2024-06-22 03:58:21', 33.12),
('2024-06-22 03:58:26', 33.42),
('2024-06-22 03:58:32', 33.59),
('2024-06-22 03:58:37', 33.68),
('2024-06-22 03:58:43', 32.52),
('2024-06-22 03:58:48', 24.64),
('2024-06-22 03:58:53', 34.57),
('2024-06-22 03:58:59', 33.29),
('2024-06-22 03:59:04', 34.67),
('2024-06-22 03:59:09', 33.54),
('2024-06-22 03:59:15', 33.42),
('2024-06-22 03:59:20', 32.81),
('2024-06-22 03:59:25', 32.77),
('2024-06-22 03:59:31', 33.52),
('2024-06-22 03:59:36', 32.10),
('2024-06-22 03:59:41', 33.33),
('2024-06-22 03:59:47', 33.14),
('2024-06-22 03:59:52', 33.22),
('2024-06-22 03:59:57', 23.21),
('2024-06-22 04:00:03', 33.38),
('2024-06-22 04:00:08', 32.86),
('2024-06-22 04:00:14', 33.18),
('2024-06-22 04:00:19', 34.67),
('2024-06-22 04:00:24', 31.79),
('2024-06-22 04:00:30', 33.38),
('2024-06-22 04:00:35', 33.10),
('2024-06-22 04:00:40', 33.19),
('2024-06-22 04:00:46', 33.57),
('2024-06-22 04:00:51', 32.96),
('2024-06-22 04:00:56', 23.43),
('2024-06-22 04:01:02', 34.49),
('2024-06-22 04:01:07', 33.53),
('2024-06-22 04:01:12', 33.31),
('2024-06-22 04:01:18', 31.58),
('2024-06-22 04:01:23', 33.25),
('2024-06-22 04:01:28', 23.51),
('2024-06-22 04:01:34', 23.22),
('2024-06-22 04:01:39', 33.19),
('2024-06-22 04:01:45', 34.94),
('2024-06-22 04:01:50', 21.86),
('2024-06-22 04:01:55', 33.27),
('2024-06-22 04:02:01', 32.03),
('2024-06-22 04:02:06', 33.22),
('2024-06-22 04:02:11', 32.51),
('2024-06-22 04:02:17', 33.38),
('2024-06-22 04:02:22', 33.48),
('2024-06-22 04:02:27', 33.35),
('2024-06-22 04:02:33', 33.52),
('2024-06-22 04:02:38', 33.45),
('2024-06-22 04:02:43', 33.35),
('2024-06-22 04:02:49', 33.25),
('2024-06-22 04:02:54', 33.13),
('2024-06-22 04:02:59', 33.44),
('2024-06-22 04:03:05', 32.97),
('2024-06-22 04:03:10', 33.58),
('2024-06-22 04:03:15', 34.96),
('2024-06-22 04:03:21', 33.62),
('2024-06-22 04:03:26', 33.39),
('2024-06-22 04:03:32', 33.41),
('2024-06-22 04:03:37', 33.52),
('2024-06-22 04:03:42', 33.15),
('2024-06-22 04:03:48', 34.50),
('2024-06-22 04:03:53', 33.07),
('2024-06-22 04:03:58', 33.28),
('2024-06-22 04:04:04', 33.08),
('2024-06-22 04:04:09', 33.10),
('2024-06-22 04:04:14', 33.29),
('2024-06-22 04:04:20', 23.29),
('2024-06-22 04:04:25', 32.37),
('2024-06-22 04:04:30', 33.28),
('2024-06-22 04:04:36', 32.71),
('2024-06-22 04:04:41', 33.27),
('2024-06-22 04:04:47', 23.21),
('2024-06-22 04:04:52', 33.22),
('2024-06-22 04:04:57', 33.24),
('2024-06-22 04:05:03', 33.53),
('2024-06-22 04:05:08', 23.24),
('2024-06-22 04:05:13', 33.32),
('2024-06-22 04:05:19', 33.53),
('2024-06-22 04:05:24', 33.53),
('2024-06-22 04:05:29', 33.54),
('2024-06-22 04:05:35', 32.85),
('2024-06-22 04:05:40', 33.31),
('2024-06-22 04:05:45', 34.10),
('2024-06-22 04:05:51', 23.26),
('2024-06-22 04:05:56', 23.35),
('2024-06-22 04:06:01', 33.67),
('2024-06-22 04:06:07', 33.34),
('2024-06-22 04:06:12', 33.58),
('2024-06-22 04:06:18', 33.84),
('2024-06-22 04:06:23', 32.89),
('2024-06-22 04:06:28', 34.70),
('2024-06-22 04:06:34', 33.20),
('2024-06-22 04:06:39', 33.18),
('2024-06-22 04:06:44', 33.22),
('2024-06-22 04:06:50', 32.90),
('2024-06-22 04:06:55', 33.13),
('2024-06-22 04:07:00', 33.28),
('2024-06-22 04:07:06', 33.64),
('2024-06-22 04:07:11', 33.19),
('2024-06-22 04:07:16', 33.58),
('2024-06-22 04:07:22', 33.37),
('2024-06-22 04:07:27', 34.59),
('2024-06-22 04:07:32', 32.52),
('2024-06-22 04:07:38', 33.22),
('2024-06-22 04:07:43', 23.28),
('2024-06-22 04:07:48', 33.05),
('2024-06-22 04:07:54', 33.31),
('2024-06-22 04:07:59', 33.45),
('2024-06-22 04:08:05', 23.22),
('2024-06-22 04:08:10', 33.07),
('2024-06-22 04:08:15', 33.24),
('2024-06-22 04:08:21', 34.93),
('2024-06-22 04:08:26', 34.71),
('2024-06-22 04:08:31', 32.93),
('2024-06-22 04:08:37', 33.36),
('2024-06-22 04:08:42', 33.30),
('2024-06-22 04:08:47', 34.73),
('2024-06-22 04:08:53', 33.40),
('2024-06-22 04:08:58', 32.82),
('2024-06-22 04:09:03', 33.35),
('2024-06-22 04:09:09', 21.78),
('2024-06-22 04:09:14', 33.22),
('2024-06-22 04:09:19', 33.28),
('2024-06-22 04:09:25', 33.50),
('2024-06-22 04:09:30', 32.79),
('2024-06-22 04:09:36', 24.89),
('2024-06-22 04:09:41', 33.52),
('2024-06-22 04:09:46', 34.54),
('2024-06-22 04:09:52', 33.46),
('2024-06-22 04:09:57', 23.56),
('2024-06-22 04:10:02', 32.77),
('2024-06-22 04:10:08', 34.87),
('2024-06-22 04:10:13', 33.43),
('2024-06-22 04:10:18', 33.48),
('2024-06-22 04:10:24', 33.17),
('2024-06-22 04:10:29', 33.41),
('2024-06-22 04:10:34', 32.18),
('2024-06-22 04:10:40', 33.40),
('2024-06-22 04:10:45', 33.50),
('2024-06-22 04:10:50', 33.55),
('2024-06-22 04:10:56', 33.51),
('2024-06-22 04:11:01', 23.42),
('2024-06-22 04:11:06', 33.54),
('2024-06-22 04:11:12', 34.88),
('2024-06-22 04:11:17', 34.88),
('2024-06-22 04:11:23', 33.42),
('2024-06-22 04:11:28', 33.13),
('2024-06-22 04:11:33', 33.46),
('2024-06-22 04:11:39', 33.43),
('2024-06-22 04:11:44', 34.47),
('2024-06-22 04:11:49', 34.48),
('2024-06-22 04:11:55', 33.45),
('2024-06-22 04:12:00', 33.12),
('2024-06-22 04:12:05', 33.46),
('2024-06-22 04:12:11', 33.12),
('2024-06-22 04:12:16', 33.61),
('2024-06-22 04:12:21', 33.52),
('2024-06-22 04:12:27', 32.95),
('2024-06-22 04:12:32', 34.57),
('2024-06-22 04:12:37', 33.17),
('2024-06-22 04:12:43', 33.17),
('2024-06-22 04:12:48', 33.23),
('2024-06-22 04:12:53', 33.07),
('2024-06-22 04:12:59', 33.06),
('2024-06-22 04:13:04', 23.39),
('2024-06-22 04:13:10', 32.97),
('2024-06-22 04:13:15', 33.24),
('2024-06-22 04:13:20', 33.46),
('2024-06-22 04:13:26', 23.12),
('2024-06-22 04:13:31', 33.16),
('2024-06-22 04:13:36', 34.51),
('2024-06-22 04:13:42', 33.17),
('2024-06-22 04:13:47', 33.15),
('2024-06-22 04:13:52', 33.20),
('2024-06-22 04:13:58', 33.41),
('2024-06-22 04:14:03', 34.41),
('2024-06-22 04:14:08', 33.38),
('2024-06-22 04:14:14', 24.51),
('2024-06-22 04:14:19', 34.83),
('2024-06-22 04:14:24', 33.17),
('2024-06-22 04:14:30', 33.20),
('2024-06-22 04:14:35', 33.55),
('2024-06-22 04:14:41', 32.37),
('2024-06-22 04:14:46', 33.51),
('2024-06-22 04:14:51', 33.02),
('2024-06-22 04:14:57', 33.20),
('2024-06-22 04:15:02', 33.27),
('2024-06-22 04:15:07', 33.50),
('2024-06-22 04:15:13', 32.51),
('2024-06-22 04:15:18', 33.43),
('2024-06-22 04:15:23', 33.34),
('2024-06-22 04:15:29', 23.25),
('2024-06-22 04:15:34', 23.09),
('2024-06-22 04:15:39', 33.34),
('2024-06-22 04:15:45', 33.39),
('2024-06-22 04:15:50', 33.40),
('2024-06-22 04:15:55', 33.37),
('2024-06-22 04:16:01', 33.21),
('2024-06-22 04:16:06', 33.20),
('2024-06-22 04:16:11', 33.21),
('2024-06-22 04:16:17', 34.50),
('2024-06-22 04:16:22', 33.39),
('2024-06-22 04:16:28', 33.22),
('2024-06-22 04:16:33', 34.82),
('2024-06-22 04:16:38', 33.18),
('2024-06-22 04:16:44', 34.38),
('2024-06-22 04:16:49', 23.31),
('2024-06-22 04:16:54', 33.26),
('2024-06-22 04:17:00', 34.41),
('2024-06-22 04:17:05', 33.37),
('2024-06-22 04:17:10', 34.57),
('2024-06-22 04:17:16', 23.15),
('2024-06-22 04:17:21', 33.18),
('2024-06-22 04:17:26', 32.94),
('2024-06-22 04:17:32', 33.44),
('2024-06-22 04:17:37', 33.44),
('2024-06-22 04:17:42', 23.45),
('2024-06-22 04:17:48', 32.61),
('2024-06-22 04:17:53', 33.60),
('2024-06-22 04:17:58', 33.22),
('2024-06-22 04:18:04', 33.44),
('2024-06-22 04:18:09', 23.28),
('2024-06-22 04:18:15', 33.60),
('2024-06-22 04:18:20', 33.53),
('2024-06-22 04:18:25', 34.30),
('2024-06-22 04:18:31', 33.00),
('2024-06-22 04:18:36', 32.97),
('2024-06-22 04:18:41', 33.26),
('2024-06-22 04:18:47', 23.35),
('2024-06-22 04:18:52', 33.30),
('2024-06-22 04:18:57', 23.22),
('2024-06-22 04:19:03', 35.09),
('2024-06-22 04:19:08', 34.91),
('2024-06-22 04:19:13', 34.62),
('2024-06-22 04:19:19', 33.15),
('2024-06-22 04:19:24', 33.73),
('2024-06-22 04:19:29', 33.10),
('2024-06-22 04:19:35', 33.33),
('2024-06-22 04:19:40', 34.59),
('2024-06-22 04:19:46', 34.74),
('2024-06-22 04:19:51', 23.23),
('2024-06-22 04:19:56', 33.48),
('2024-06-22 04:20:02', 34.65),
('2024-06-22 04:20:07', 23.33),
('2024-06-22 04:20:12', 32.89),
('2024-06-22 04:20:18', 33.21),
('2024-06-22 04:20:23', 34.24),
('2024-06-22 04:20:28', 34.73),
('2024-06-22 04:20:34', 34.64),
('2024-06-22 04:20:39', 23.39),
('2024-06-22 04:20:44', 33.29),
('2024-06-22 04:20:50', 33.07),
('2024-06-22 04:20:55', 23.35),
('2024-06-22 04:21:00', 34.62),
('2024-06-22 04:21:06', 23.31),
('2024-06-22 04:21:11', 33.30),
('2024-06-22 04:21:17', 33.07),
('2024-06-22 04:21:22', 33.42),
('2024-06-22 04:21:27', 32.51),
('2024-06-22 04:21:33', 33.21),
('2024-06-22 04:21:38', 35.10),
('2024-06-22 04:21:43', 33.29),
('2024-06-22 04:21:49', 33.49),
('2024-06-22 04:21:54', 33.39),
('2024-06-22 04:21:59', 33.52),
('2024-06-22 04:22:05', 32.74),
('2024-06-22 04:22:10', 33.37),
('2024-06-22 04:22:15', 33.16),
('2024-06-22 04:22:26', 33.39),
('2024-06-22 04:22:31', 23.46),
('2024-06-22 04:22:37', 32.07),
('2024-06-22 04:22:42', 34.99),
('2024-06-22 04:22:47', 33.29),
('2024-06-22 04:22:53', 31.99),
('2024-06-22 04:22:58', 23.19),
('2024-06-22 04:23:04', 33.45),
('2024-06-22 04:23:09', 33.49),
('2024-06-22 04:23:14', 23.28),
('2024-06-22 04:23:20', 23.04),
('2024-06-22 04:23:25', 33.26),
('2024-06-22 04:23:30', 33.43),
('2024-06-22 04:23:36', 33.49),
('2024-06-22 04:23:41', 33.51),
('2024-06-22 04:23:46', 33.34),
('2024-06-22 04:23:52', 33.16),
('2024-06-22 04:23:57', 33.18),
('2024-06-22 04:24:02', 34.89),
('2024-06-22 04:24:08', 33.40),
('2024-06-22 04:24:13', 33.48),
('2024-06-22 04:24:18', 33.23),
('2024-06-22 04:24:24', 32.12),
('2024-06-22 04:24:29', 24.76),
('2024-06-22 04:24:35', 33.55),
('2024-06-22 04:24:40', 33.52),
('2024-06-22 04:24:45', 23.45),
('2024-06-22 04:24:51', 23.39),
('2024-06-22 04:24:56', 23.05),
('2024-06-22 04:25:01', 33.39),
('2024-06-22 04:25:07', 32.92),
('2024-06-22 04:25:12', 33.08),
('2024-06-22 04:25:17', 33.16),
('2024-06-22 04:25:23', 33.02),
('2024-06-22 04:25:28', 23.44),
('2024-06-22 04:25:33', 32.80),
('2024-06-22 04:25:39', 34.46),
('2024-06-22 04:25:44', 32.75),
('2024-06-22 04:25:49', 33.30),
('2024-06-22 04:25:55', 32.92),
('2024-06-22 04:26:00', 32.87),
('2024-06-22 04:26:06', 32.35),
('2024-06-22 04:26:11', 33.42),
('2024-06-22 04:26:16', 33.09),
('2024-06-22 04:26:22', 33.21),
('2024-06-22 04:26:27', 33.23),
('2024-06-22 04:26:32', 33.50),
('2024-06-22 04:26:38', 33.25),
('2024-06-22 04:26:43', 33.10),
('2024-06-22 04:26:48', 35.05),
('2024-06-22 04:26:54', 33.28),
('2024-06-22 04:26:59', 33.54),
('2024-06-22 04:27:04', 23.24),
('2024-06-22 04:27:10', 33.46),
('2024-06-22 04:27:15', 32.97),
('2024-06-22 04:27:20', 33.33),
('2024-06-22 04:27:26', 33.23),
('2024-06-22 04:27:31', 33.55),
('2024-06-22 04:27:36', 34.60),
('2024-06-22 04:27:42', 33.25),
('2024-06-22 04:27:47', 33.54),
('2024-06-22 04:27:53', 34.54),
('2024-06-22 04:27:58', 33.54),
('2024-06-22 04:28:03', 33.52),
('2024-06-22 04:28:09', 33.00),
('2024-06-22 04:28:14', 33.25),
('2024-06-22 04:28:19', 23.35),
('2024-06-22 04:28:25', 33.26),
('2024-06-22 04:28:30', 33.41),
('2024-06-22 04:28:35', 33.18),
('2024-06-22 04:28:41', 32.67),
('2024-06-22 04:28:46', 33.33),
('2024-06-22 04:28:51', 33.39),
('2024-06-22 04:28:57', 34.02),
('2024-06-22 04:29:02', 33.43),
('2024-06-22 04:29:07', 33.51),
('2024-06-22 04:29:13', 23.11),
('2024-06-22 04:29:18', 23.56),
('2024-06-22 04:29:24', 23.57),
('2024-06-22 04:29:29', 23.38),
('2024-06-22 04:29:34', 33.58),
('2024-06-22 04:29:40', 23.43),
('2024-06-22 04:29:45', 34.80),
('2024-06-22 04:29:50', 23.17),
('2024-06-22 04:29:56', 34.88),
('2024-06-22 04:30:01', 33.50),
('2024-06-22 04:30:06', 33.45),
('2024-06-22 04:30:12', 33.40),
('2024-06-22 04:30:17', 33.15),
('2024-06-22 04:30:22', 33.41),
('2024-06-22 04:30:28', 33.45),
('2024-06-22 04:30:33', 33.26),
('2024-06-22 04:30:38', 33.32),
('2024-06-22 04:30:44', 33.26),
('2024-06-22 04:30:49', 33.36),
('2024-06-22 04:30:55', 33.31),
('2024-06-22 04:31:00', 33.24),
('2024-06-22 04:31:05', 23.20),
('2024-06-22 04:31:11', 33.49),
('2024-06-22 04:31:16', 33.57),
('2024-06-22 04:31:21', 33.35),
('2024-06-22 04:31:27', 33.45),
('2024-06-22 04:31:32', 23.34),
('2024-06-22 04:31:37', 33.23),
('2024-06-22 04:31:43', 33.41),
('2024-06-22 04:31:48', 33.56),
('2024-06-22 04:31:53', 33.25),
('2024-06-22 04:31:59', 33.53),
('2024-06-22 04:32:04', 33.52),
('2024-06-22 04:32:09', 33.60),
('2024-06-22 04:32:15', 23.31),
('2024-06-22 04:32:20', 33.52),
('2024-06-22 04:32:26', 32.93),
('2024-06-22 04:32:31', 23.22),
('2024-06-22 04:32:36', 33.63),
('2024-06-22 04:32:42', 33.33),
('2024-06-22 04:32:47', 33.38),
('2024-06-22 04:32:52', 33.53),
('2024-06-22 04:32:58', 32.76),
('2024-06-22 04:33:03', 33.36),
('2024-06-22 04:33:08', 33.36),
('2024-06-22 04:33:14', 33.56),
('2024-06-22 04:33:19', 33.37),
('2024-06-22 04:33:24', 33.71),
('2024-06-22 04:33:30', 32.91),
('2024-06-22 04:33:35', 33.51),
('2024-06-22 04:33:40', 32.17),
('2024-06-22 04:33:46', 34.98),
('2024-06-22 04:33:51', 23.53),
('2024-06-22 04:33:57', 33.06),
('2024-06-22 04:34:02', 23.57),
('2024-06-22 04:34:07', 21.67),
('2024-06-22 04:34:13', 33.34),
('2024-06-22 04:34:18', 22.06),
('2024-06-22 04:34:23', 33.39),
('2024-06-22 04:34:29', 32.76),
('2024-06-22 04:34:34', 33.31),
('2024-06-22 04:34:39', 33.45),
('2024-06-22 04:34:45', 33.18),
('2024-06-22 04:34:50', 34.92),
('2024-06-22 04:34:55', 33.52),
('2024-06-22 04:35:01', 33.53),
('2024-06-22 04:35:06', 33.48),
('2024-06-22 04:35:11', 33.21),
('2024-06-22 04:35:17', 23.24),
('2024-06-22 04:35:22', 33.31),
('2024-06-22 04:35:28', 33.55),
('2024-06-22 04:35:33', 23.37),
('2024-06-22 04:35:38', 32.96),
('2024-06-22 04:35:44', 23.18),
('2024-06-22 04:35:49', 23.39),
('2024-06-22 04:35:54', 23.28),
('2024-06-22 04:36:00', 33.55),
('2024-06-22 04:36:05', 33.42),
('2024-06-22 04:36:10', 33.34),
('2024-06-22 04:36:16', 33.56),
('2024-06-22 04:36:21', 32.78),
('2024-06-22 04:36:26', 33.37),
('2024-06-22 04:36:32', 32.13),
('2024-06-22 04:36:37', 33.46),
('2024-06-22 04:36:42', 33.53),
('2024-06-22 04:36:48', 23.53),
('2024-06-22 04:36:53', 32.69),
('2024-06-22 04:36:58', 33.71),
('2024-06-22 04:37:04', 33.36),
('2024-06-22 04:37:09', 33.54),
('2024-06-22 04:37:15', 23.36),
('2024-06-22 04:37:20', 23.34),
('2024-06-22 04:37:25', 33.45),
('2024-06-22 04:37:31', 33.32),
('2024-06-22 04:37:36', 33.60),
('2024-06-22 04:37:41', 23.40),
('2024-06-22 04:37:47', 33.30),
('2024-06-22 04:37:52', 23.28),
('2024-06-22 04:37:57', 33.42),
('2024-06-22 04:38:03', 33.43),
('2024-06-22 04:38:08', 33.47),
('2024-06-22 04:38:13', 33.47),
('2024-06-22 04:38:19', 23.37),
('2024-06-22 04:38:24', 33.37),
('2024-06-22 04:38:29', 23.32),
('2024-06-22 04:38:35', 23.53),
('2024-06-22 04:38:40', 21.62),
('2024-06-22 04:38:46', 33.52),
('2024-06-22 04:38:51', 33.65),
('2024-06-22 04:38:56', 33.57),
('2024-06-22 04:39:02', 23.44),
('2024-06-22 04:39:07', 23.71),
('2024-06-22 04:39:12', 32.94),
('2024-06-22 04:39:18', 33.66),
('2024-06-22 04:39:23', 33.49),
('2024-06-22 04:39:28', 23.40),
('2024-06-22 04:39:34', 23.20),
('2024-06-22 04:39:39', 33.52),
('2024-06-22 04:39:44', 23.04),
('2024-06-22 04:39:50', 34.88),
('2024-06-22 04:39:55', 33.44),
('2024-06-22 04:40:00', 34.92),
('2024-06-22 04:40:06', 33.27),
('2024-06-22 04:40:11', 33.43),
('2024-06-22 04:40:17', 32.82),
('2024-06-22 04:40:22', 33.35),
('2024-06-22 04:40:27', 23.24),
('2024-06-22 04:40:33', 23.31),
('2024-06-22 04:40:38', 33.70),
('2024-06-22 04:40:43', 33.21),
('2024-06-22 04:40:49', 33.64),
('2024-06-22 04:40:54', 32.82),
('2024-06-22 04:40:59', 23.29),
('2024-06-22 04:41:05', 33.24),
('2024-06-22 04:41:10', 33.29),
('2024-06-22 04:41:15', 33.22),
('2024-06-22 04:41:21', 33.40),
('2024-06-22 04:41:26', 22.97),
('2024-06-22 04:41:31', 33.49),
('2024-06-22 04:41:37', 33.45),
('2024-06-22 04:41:42', 33.45),
('2024-06-22 04:41:48', 23.30),
('2024-06-22 04:41:53', 33.50),
('2024-06-22 04:41:58', 32.97),
('2024-06-22 04:42:04', 33.24),
('2024-06-22 04:42:09', 23.20),
('2024-06-22 04:42:14', 33.09),
('2024-06-22 04:42:20', 33.19),
('2024-06-22 04:42:25', 33.48),
('2024-06-22 04:42:30', 32.72),
('2024-06-22 04:42:36', 33.10),
('2024-06-22 04:42:41', 33.28),
('2024-06-22 04:42:46', 33.09),
('2024-06-22 04:42:52', 33.21),
('2024-06-22 04:42:57', 33.36),
('2024-06-22 04:43:02', 23.08),
('2024-06-22 04:43:08', 33.37),
('2024-06-22 04:43:13', 33.07),
('2024-06-22 04:43:19', 34.49),
('2024-06-22 04:43:24', 23.34),
('2024-06-22 04:43:29', 33.56),
('2024-06-22 04:43:35', 33.30),
('2024-06-22 04:43:40', 32.77),
('2024-06-22 04:43:45', 34.77),
('2024-06-22 04:43:51', 33.20),
('2024-06-22 04:43:56', 24.61),
('2024-06-22 04:44:01', 33.26),
('2024-06-22 04:44:07', 33.40),
('2024-06-22 04:44:12', 32.53),
('2024-06-22 04:44:17', 33.47),
('2024-06-22 04:44:23', 32.59),
('2024-06-22 04:44:28', 34.69),
('2024-06-22 04:44:34', 33.30),
('2024-06-22 04:44:39', 33.14),
('2024-06-22 04:44:44', 33.33),
('2024-06-22 04:44:50', 33.37),
('2024-06-22 04:44:55', 33.33),
('2024-06-22 04:45:00', 33.38),
('2024-06-22 04:45:06', 33.19),
('2024-06-22 04:45:11', 33.09),
('2024-06-22 04:45:16', 33.29),
('2024-06-22 04:45:22', 33.46),
('2024-06-22 04:45:27', 33.40),
('2024-06-22 04:45:32', 33.41),
('2024-06-22 04:45:38', 23.28),
('2024-06-22 04:45:43', 33.41),
('2024-06-22 04:45:48', 22.80),
('2024-06-22 04:45:54', 23.32),
('2024-06-22 04:45:59', 31.71),
('2024-06-22 04:46:04', 33.47),
('2024-06-22 04:46:10', 33.01),
('2024-06-22 04:46:15', 33.56),
('2024-06-22 04:46:21', 35.13),
('2024-06-22 04:46:26', 32.92),
('2024-06-22 04:46:31', 34.64),
('2024-06-22 04:46:37', 33.17),
('2024-06-22 04:46:42', 33.26),
('2024-06-22 04:46:47', 33.36),
('2024-06-22 04:46:53', 33.46),
('2024-06-22 04:46:58', 33.49),
('2024-06-22 04:47:03', 33.39),
('2024-06-22 04:47:09', 33.13),
('2024-06-22 04:47:14', 23.32),
('2024-06-22 04:47:19', 33.37),
('2024-06-22 04:47:25', 34.45),
('2024-06-22 04:47:30', 33.08),
('2024-06-22 04:47:35', 33.20),
('2024-06-22 04:47:46', 23.20),
('2024-06-22 04:47:52', 33.20),
('2024-06-22 04:47:57', 32.64),
('2024-06-22 04:48:02', 33.49),
('2024-06-22 04:48:08', 33.16),
('2024-06-22 04:48:13', 33.13),
('2024-06-22 04:48:18', 33.25),
('2024-06-22 04:48:24', 33.18),
('2024-06-22 04:48:29', 33.32),
('2024-06-22 04:48:34', 33.24),
('2024-06-22 04:48:40', 33.03),
('2024-06-22 04:48:45', 32.78),
('2024-06-22 04:48:50', 34.71),
('2024-06-22 04:48:56', 33.32),
('2024-06-22 04:49:01', 33.21),
('2024-06-22 04:49:06', 33.23),
('2024-06-22 04:49:12', 33.31),
('2024-06-22 04:49:17', 33.27),
('2024-06-22 04:49:23', 33.44),
('2024-06-22 04:49:28', 32.88),
('2024-06-22 04:49:33', 33.09),
('2024-06-22 04:49:39', 34.55),
('2024-06-22 04:49:44', 24.65),
('2024-06-22 04:49:49', 35.01),
('2024-06-22 04:49:55', 32.70),
('2024-06-22 04:50:00', 33.70),
('2024-06-22 04:50:05', 22.94),
('2024-06-22 04:50:11', 34.65),
('2024-06-22 04:50:16', 22.82),
('2024-06-22 04:50:21', 33.23),
('2024-06-22 04:50:27', 33.40),
('2024-06-22 04:50:32', 33.55),
('2024-06-22 04:50:37', 33.65),
('2024-06-22 04:50:43', 32.81),
('2024-06-22 04:50:48', 33.19),
('2024-06-22 04:50:54', 23.12),
('2024-06-22 04:50:59', 34.98),
('2024-06-22 04:51:04', 32.96),
('2024-06-22 04:51:10', 33.44),
('2024-06-22 04:51:15', 34.94),
('2024-06-22 04:51:20', 32.77),
('2024-06-22 04:51:26', 33.09),
('2024-06-22 04:51:31', 33.33),
('2024-06-22 04:51:36', 33.32),
('2024-06-22 04:51:42', 33.24),
('2024-06-22 04:51:47', 33.06),
('2024-06-22 04:51:52', 32.89),
('2024-06-22 04:51:58', 32.95),
('2024-06-22 04:52:03', 34.72),
('2024-06-22 04:52:08', 33.06),
('2024-06-22 04:52:14', 33.01),
('2024-06-22 04:52:19', 33.29),
('2024-06-22 04:52:25', 33.34),
('2024-06-22 04:52:30', 22.48),
('2024-06-22 04:52:35', 23.09),
('2024-06-22 04:52:41', 33.02),
('2024-06-22 04:52:46', 33.24),
('2024-06-22 04:52:51', 33.21),
('2024-06-22 04:52:57', 33.11),
('2024-06-22 04:53:02', 32.92),
('2024-06-22 04:53:07', 33.20),
('2024-06-22 04:53:13', 32.96),
('2024-06-22 04:53:18', 33.04),
('2024-06-22 04:53:23', 32.97),
('2024-06-22 04:53:29', 33.32),
('2024-06-22 04:53:34', 33.10),
('2024-06-22 04:53:39', 32.63),
('2024-06-22 04:53:45', 32.97),
('2024-06-22 04:53:50', 21.47),
('2024-06-22 04:53:56', 33.08),
('2024-06-22 04:54:01', 23.07),
('2024-06-22 04:54:06', 33.03),
('2024-06-22 04:54:12', 33.55),
('2024-06-22 04:54:17', 32.70),
('2024-06-22 04:54:22', 33.11),
('2024-06-22 04:54:28', 23.14),
('2024-06-22 04:54:33', 23.21),
('2024-06-22 04:54:38', 34.41),
('2024-06-22 04:54:44', 32.95),
('2024-06-22 04:54:49', 33.40),
('2024-06-22 04:54:54', 32.72),
('2024-06-22 04:55:00', 24.43),
('2024-06-22 04:55:05', 31.53),
('2024-06-22 04:55:10', 33.17),
('2024-06-22 04:55:16', 33.06),
('2024-06-22 04:55:21', 23.00),
('2024-06-22 04:55:27', 33.41),
('2024-06-22 04:55:32', 33.10),
('2024-06-22 04:55:37', 23.94),
('2024-06-22 04:55:43', 33.26),
('2024-06-22 04:55:48', 32.70),
('2024-06-22 04:55:53', 22.91),
('2024-06-22 04:55:59', 32.99),
('2024-06-22 04:56:04', 33.30),
('2024-06-22 04:56:09', 33.13),
('2024-06-22 04:56:15', 22.91),
('2024-06-22 04:56:20', 23.45),
('2024-06-22 04:56:25', 22.65),
('2024-06-22 04:56:31', 32.93),
('2024-06-22 04:56:36', 33.11),
('2024-06-22 04:56:41', 33.30),
('2024-06-22 04:56:47', 33.26),
('2024-06-22 04:56:52', 23.12),
('2024-06-22 04:56:58', 33.04),
('2024-06-22 04:57:03', 32.19),
('2024-06-22 04:57:08', 33.17),
('2024-06-22 04:57:14', 31.44),
('2024-06-22 04:57:19', 33.07),
('2024-06-22 04:57:24', 33.09),
('2024-06-22 04:57:30', 32.72),
('2024-06-22 04:57:35', 33.05),
('2024-06-22 04:57:40', 22.86),
('2024-06-22 04:57:46', 33.46),
('2024-06-22 04:57:51', 33.02),
('2024-06-22 04:57:56', 33.08),
('2024-06-22 04:58:02', 23.03),
('2024-06-22 04:58:07', 33.31),
('2024-06-22 04:58:12', 32.63),
('2024-06-22 04:58:18', 34.49),
('2024-06-22 04:58:23', 31.51),
('2024-06-22 04:58:28', 32.83),
('2024-06-22 04:58:34', 33.01),
('2024-06-22 04:58:39', 33.01),
('2024-06-22 04:58:45', 32.68),
('2024-06-22 04:58:50', 32.88),
('2024-06-22 04:58:55', 32.90),
('2024-06-22 04:59:01', 33.08),
('2024-06-22 04:59:06', 33.16),
('2024-06-22 04:59:11', 33.18),
('2024-06-22 04:59:17', 32.45),
('2024-06-22 04:59:22', 34.18),
('2024-06-22 04:59:27', 22.92),
('2024-06-22 04:59:33', 33.32),
('2024-06-22 04:59:38', 33.25),
('2024-06-22 04:59:43', 23.34),
('2024-06-22 04:59:49', 32.55),
('2024-06-22 04:59:54', 23.27),
('2024-06-22 04:59:59', 33.38),
('2024-06-22 05:00:05', 33.46),
('2024-06-22 05:00:10', 33.30),
('2024-06-22 05:00:16', 33.57),
('2024-06-22 05:00:21', 33.42),
('2024-06-22 05:00:26', 33.26),
('2024-06-22 05:00:32', 33.15),
('2024-06-22 05:00:37', 32.94),
('2024-06-22 05:00:42', 33.47),
('2024-06-22 05:00:48', 23.25),
('2024-06-22 05:00:53', 33.47),
('2024-06-22 05:00:58', 33.31),
('2024-06-22 05:01:04', 31.55),
('2024-06-22 05:01:09', 33.40),
('2024-06-22 05:01:14', 31.61),
('2024-06-22 05:01:20', 23.22),
('2024-06-22 05:01:25', 23.24),
('2024-06-22 05:01:30', 33.35),
('2024-06-22 05:01:36', 33.21),
('2024-06-22 05:01:41', 33.39),
('2024-06-22 05:01:47', 33.52),
('2024-06-22 05:01:52', 23.37),
('2024-06-22 05:01:57', 33.34),
('2024-06-22 05:02:03', 33.55),
('2024-06-22 05:02:08', 32.89),
('2024-06-22 05:02:13', 33.38),
('2024-06-22 05:02:19', 32.02),
('2024-06-22 05:02:24', 33.02),
('2024-06-22 05:02:29', 33.36),
('2024-06-22 05:02:35', 31.63),
('2024-06-22 05:02:40', 33.27),
('2024-06-22 05:02:45', 33.19),
('2024-06-22 05:02:51', 33.27),
('2024-06-22 05:02:56', 33.06),
('2024-06-22 05:03:01', 33.05),
('2024-06-22 05:03:07', 33.26),
('2024-06-22 05:03:12', 23.43),
('2024-06-22 05:03:18', 33.50),
('2024-06-22 05:03:23', 32.93),
('2024-06-22 05:03:28', 33.59),
('2024-06-22 05:03:34', 23.33),
('2024-06-22 05:03:39', 33.48),
('2024-06-22 05:03:44', 33.24),
('2024-06-22 05:03:55', 33.41),
('2024-06-22 05:04:00', 33.22),
('2024-06-22 05:04:06', 33.60),
('2024-06-22 05:04:11', 32.10),
('2024-06-22 05:04:16', 33.32),
('2024-06-22 05:04:22', 33.41),
('2024-06-22 05:04:27', 33.33),
('2024-06-22 05:04:32', 33.47),
('2024-06-22 05:04:38', 33.33),
('2024-06-22 05:04:43', 33.63),
('2024-06-22 05:04:48', 33.03),
('2024-06-22 05:04:54', 32.10),
('2024-06-22 05:04:59', 33.01),
('2024-06-22 05:05:05', 33.73),
('2024-06-22 05:05:10', 32.06),
('2024-06-22 05:05:15', 33.45),
('2024-06-22 05:05:21', 31.76),
('2024-06-22 05:05:26', 33.69),
('2024-06-22 05:05:31', 33.05),
('2024-06-22 05:05:37', 33.51),
('2024-06-22 05:05:42', 33.29),
('2024-06-22 05:05:47', 33.39),
('2024-06-22 05:05:53', 33.35),
('2024-06-22 05:05:58', 33.80),
('2024-06-22 05:06:03', 33.32),
('2024-06-22 05:06:09', 33.57),
('2024-06-22 05:06:14', 31.83),
('2024-06-22 05:06:19', 33.64),
('2024-06-22 05:06:25', 33.30),
('2024-06-22 05:06:30', 33.55),
('2024-06-22 05:06:36', 31.54),
('2024-06-22 05:06:41', 33.41),
('2024-06-22 05:06:46', 33.73),
('2024-06-22 05:06:52', 32.36),
('2024-06-22 05:06:57', 33.32),
('2024-06-22 05:07:02', 33.93),
('2024-06-22 05:07:08', 33.61),
('2024-06-22 05:07:13', 17.64),
('2024-06-22 05:07:18', 32.01),
('2024-06-22 05:07:24', 33.65),
('2024-06-22 05:07:29', 33.98),
('2024-06-22 05:07:34', 33.48),
('2024-06-22 05:07:40', 33.70),
('2024-06-22 05:07:45', 33.04),
('2024-06-22 05:07:50', 33.42),
('2024-06-22 05:07:56', 32.02),
('2024-06-22 05:08:01', 33.66),
('2024-06-22 05:08:07', 32.18),
('2024-06-22 05:08:12', 33.46),
('2024-06-22 05:08:17', 32.91),
('2024-06-22 05:08:23', 33.56),
('2024-06-22 05:08:28', 33.62),
('2024-06-22 05:08:33', 32.07),
('2024-06-22 05:08:39', 32.29),
('2024-06-22 05:08:44', 34.00),
('2024-06-22 05:08:49', 33.31),
('2024-06-22 05:08:55', 33.74),
('2024-06-22 05:09:00', 32.17),
('2024-06-22 05:09:05', 33.41),
('2024-06-22 05:09:11', 32.19),
('2024-06-22 05:09:16', 33.82),
('2024-06-22 05:09:21', 33.36),
('2024-06-22 05:09:27', 33.56),
('2024-06-22 05:09:32', 33.39),
('2024-06-22 05:09:38', 33.41),
('2024-06-22 05:09:43', 33.55),
('2024-06-22 05:09:48', 33.56),
('2024-06-22 05:09:54', 33.58),
('2024-06-22 05:09:59', 33.31),
('2024-06-22 05:10:04', 33.73),
('2024-06-22 05:10:10', 32.85),
('2024-06-22 05:10:15', 33.54),
('2024-06-22 05:10:20', 33.50),
('2024-06-22 05:10:26', 33.44),
('2024-06-22 05:10:31', 33.57),
('2024-06-22 05:10:36', 33.71),
('2024-06-22 05:10:42', 33.73),
('2024-06-22 05:10:47', 32.76),
('2024-06-22 05:10:52', 33.72),
('2024-06-22 05:10:58', 31.88),
('2024-06-22 05:11:03', 33.45),
('2024-06-22 05:11:09', 33.57),
('2024-06-22 05:11:14', 33.43),
('2024-06-22 05:11:19', 33.40),
('2024-06-22 05:11:25', 31.62),
('2024-06-22 05:11:30', 33.62),
('2024-06-22 05:11:35', 33.45),
('2024-06-22 05:11:41', 33.55),
('2024-06-22 05:11:46', 33.69),
('2024-06-22 05:11:51', 33.47),
('2024-06-22 05:11:57', 33.69),
('2024-06-22 05:12:02', 32.05),
('2024-06-22 05:12:07', 33.70),
('2024-06-22 05:12:13', 33.70),
('2024-06-22 05:12:18', 33.71),
('2024-06-22 05:12:23', 32.85),
('2024-06-22 05:12:29', 33.50),
('2024-06-22 05:12:34', 33.55),
('2024-06-22 05:12:40', 23.48),
('2024-06-22 05:12:45', 33.63),
('2024-06-22 05:12:50', 33.72),
('2024-06-22 05:12:56', 31.85),
('2024-06-22 05:13:01', 35.20),
('2024-06-22 05:13:06', 33.42),
('2024-06-22 05:13:12', 33.53),
('2024-06-22 05:13:17', 33.41),
('2024-06-22 05:13:22', 32.17),
('2024-06-22 05:13:28', 33.58),
('2024-06-22 05:13:33', 33.60),
('2024-06-22 05:13:38', 33.78),
('2024-06-22 05:13:44', 33.90),
('2024-06-22 05:13:49', 33.81),
('2024-06-22 05:13:54', 33.30),
('2024-06-22 05:14:00', 33.47),
('2024-06-22 05:14:05', 33.62),
('2024-06-22 05:14:11', 33.60),
('2024-06-22 05:14:16', 32.16),
('2024-06-22 05:14:21', 33.80),
('2024-06-22 05:14:27', 32.89),
('2024-06-22 05:14:32', 33.37),
('2024-06-22 05:14:37', 33.61),
('2024-06-22 05:14:43', 32.11),
('2024-06-22 05:14:48', 35.19),
('2024-06-22 05:14:53', 33.52),
('2024-06-22 05:14:59', 33.60),
('2024-06-22 05:15:04', 33.47),
('2024-06-22 05:15:09', 23.74),
('2024-06-22 05:15:15', 33.84),
('2024-06-22 05:15:20', 33.69),
('2024-06-22 05:15:25', 33.48),
('2024-06-22 05:15:31', 33.81),
('2024-06-22 05:15:36', 31.21),
('2024-06-22 05:15:42', 33.78),
('2024-06-22 05:15:47', 31.94),
('2024-06-22 05:15:52', 33.74),
('2024-06-22 05:15:58', 33.74),
('2024-06-22 05:16:03', 33.83),
('2024-06-22 05:16:08', 33.87),
('2024-06-22 05:16:14', 33.06),
('2024-06-22 05:16:19', 33.56),
('2024-06-22 05:16:24', 35.19),
('2024-06-22 05:16:30', 33.45),
('2024-06-22 05:16:35', 33.80),
('2024-06-22 05:16:40', 32.34),
('2024-06-22 05:16:46', 33.76),
('2024-06-22 05:16:51', 33.34),
('2024-06-22 05:16:56', 33.93),
('2024-06-22 05:17:02', 31.96),
('2024-06-22 05:17:07', 33.84),
('2024-06-22 05:17:13', 33.90),
('2024-06-22 05:17:18', 34.12),
('2024-06-22 05:17:23', 33.06),
('2024-06-22 05:17:29', 33.65),
('2024-06-22 05:17:34', 32.15),
('2024-06-22 05:17:39', 33.56),
('2024-06-22 05:17:45', 33.42),
('2024-06-22 05:17:50', 33.26),
('2024-06-22 05:17:55', 33.90),
('2024-06-22 05:18:01', 33.77),
('2024-06-22 05:18:06', 33.72),
('2024-06-22 05:18:11', 33.70),
('2024-06-22 05:18:17', 22.39),
('2024-06-22 05:18:22', 31.96),
('2024-06-22 05:18:27', 32.52),
('2024-06-22 05:18:33', 32.35),
('2024-06-22 05:18:38', 32.48),
('2024-06-22 05:18:44', 32.53),
('2024-06-22 05:18:49', 34.03),
('2024-06-22 05:18:54', 34.28),
('2024-06-22 05:19:00', 32.37),
('2024-06-22 05:19:05', 33.48),
('2024-06-22 05:19:10', 33.90),
('2024-06-22 05:19:16', 33.74),
('2024-06-22 05:19:21', 34.01),
('2024-06-22 05:19:26', 33.96),
('2024-06-22 05:19:32', 34.02),
('2024-06-22 05:19:37', 32.08),
('2024-06-22 05:19:42', 32.39),
('2024-06-22 05:19:48', 33.92),
('2024-06-22 05:19:53', 32.34),
('2024-06-22 05:19:58', 33.89),
('2024-06-22 05:20:04', 31.45),
('2024-06-22 05:20:09', 33.71),
('2024-06-22 05:20:15', 32.47),
('2024-06-22 05:20:20', 33.69),
('2024-06-22 05:20:25', 33.91),
('2024-06-22 05:20:31', 32.32),
('2024-06-22 05:20:36', 32.36),
('2024-06-22 05:20:41', 35.28),
('2024-06-22 05:20:47', 35.22),
('2024-06-22 05:20:52', 32.17),
('2024-06-22 05:20:57', 32.01),
('2024-06-22 05:21:03', 33.73),
('2024-06-22 05:21:08', 32.11),
('2024-06-22 05:21:13', 33.75),
('2024-06-22 05:21:19', 33.77),
('2024-06-22 05:21:24', 33.75),
('2024-06-22 05:21:29', 33.88),
('2024-06-22 05:21:35', 32.52),
('2024-06-22 05:21:40', 33.84),
('2024-06-22 05:21:46', 33.73),
('2024-06-22 05:21:51', 32.53),
('2024-06-22 05:21:56', 33.98),
('2024-06-22 05:22:02', 34.03),
('2024-06-22 05:22:07', 33.58),
('2024-06-22 05:22:12', 33.34),
('2024-06-22 05:22:18', 33.69),
('2024-06-22 05:22:23', 33.38),
('2024-06-22 05:22:28', 33.58),
('2024-06-22 05:22:34', 33.51),
('2024-06-22 05:22:39', 33.75),
('2024-06-22 05:22:44', 31.56),
('2024-06-22 05:22:50', 33.66),
('2024-06-22 05:22:55', 33.91),
('2024-06-22 05:23:00', 32.19),
('2024-06-22 05:23:06', 33.72),
('2024-06-22 05:23:11', 33.61),
('2024-06-22 05:23:17', 33.74),
('2024-06-22 05:23:22', 33.99),
('2024-06-22 05:23:27', 33.80),
('2024-06-22 05:23:33', 33.79),
('2024-06-22 05:23:43', 100.10),
('2024-06-22 05:23:54', 77.72),
('2024-06-22 05:23:59', 58.71),
('2024-06-22 05:24:05', 25.25),
('2024-06-22 05:24:10', 91.43),
('2024-06-22 05:24:15', 85.10),
('2024-06-22 05:24:21', 36.86),
('2024-06-22 05:24:26', 71.82),
('2024-06-22 05:24:31', 95.50),
('2024-06-22 05:24:37', 79.65),
('2024-06-22 05:24:48', 93.45),
('2024-06-22 05:24:53', 73.63),
('2024-06-22 05:24:58', 72.17),
('2024-06-22 05:25:04', 28.94),
('2024-06-22 05:25:09', 104.73),
('2024-06-22 05:25:14', 50.40),
('2024-06-22 05:25:25', 58.81),
('2024-06-22 05:25:30', 104.42),
('2024-06-22 05:25:36', 112.86),
('2024-06-22 05:25:41', 108.85),
('2024-06-22 05:25:46', 87.28),
('2024-06-22 05:25:52', 24.86),
('2024-06-22 05:26:08', 24.81),
('2024-06-22 05:26:13', 59.12),
('2024-06-22 05:26:19', 85.72),
('2024-06-22 05:26:24', 109.34),
('2024-06-22 05:26:29', 106.30),
('2024-06-22 05:26:35', 113.54),
('2024-06-22 05:26:40', 87.97),
('2024-06-22 05:26:45', 67.47),
('2024-06-22 05:26:51', 68.89),
('2024-06-22 05:26:56', 103.99),
('2024-06-22 05:27:01', 31.96),
('2024-06-22 05:27:07', 70.71),
('2024-06-22 05:27:12', 78.52),
('2024-06-22 05:27:17', 111.12),
('2024-06-22 05:27:23', 111.19),
('2024-06-22 05:27:28', 84.44),
('2024-06-22 05:27:34', 53.52),
('2024-06-22 05:27:44', 35.16),
('2024-06-22 05:27:50', 58.59),
('2024-06-22 05:27:55', 33.79),
('2024-06-22 05:28:00', 20.79),
('2024-06-22 05:28:11', 41.85),
('2024-06-22 05:28:16', 133.21),
('2024-06-22 05:28:22', 221.82),
('2024-06-22 05:28:27', 101.66),
('2024-06-22 05:28:38', 234.55),
('2024-06-22 05:28:43', 151.07),
('2024-06-22 05:28:48', 137.72),
('2024-06-22 05:28:54', 180.95),
('2024-06-22 05:28:59', 141.55);
INSERT INTO `pju001modif` (`time`, `power`) VALUES
('2024-06-22 05:29:05', 181.21),
('2024-06-22 05:29:10', 180.97),
('2024-06-22 05:29:15', 100.69),
('2024-06-23 12:55:15', 30.00),
('2024-06-23 16:00:15', 30.00);

-- --------------------------------------------------------

--
-- Struktur dari tabel `pju002`
--

CREATE TABLE `pju002` (
  `time` varchar(100) NOT NULL,
  `data` varchar(100) NOT NULL
) ENGINE=InnoDB DEFAULT CHARSET=utf8mb4 COLLATE=utf8mb4_unicode_ci;

--
-- Dumping data untuk tabel `pju002`
--

INSERT INTO `pju002` (`time`, `data`) VALUES
('2024-06-22 00:03:17', '24.4'),
('2024-06-22 00:03:23', '34.87'),
('2024-06-22 00:03:28', '34.77'),
('2024-06-22 00:03:33', '24.27'),
('2024-06-22 00:03:39', '34.8'),
('2024-06-22 00:03:44', '34.89'),
('2024-06-22 00:04:32', '24.55'),
('2024-06-22 00:04:37', '24.37'),
('2024-06-22 00:04:48', '24.59'),
('2024-06-22 00:04:53', '35.19'),
('2024-06-22 00:04:59', '35.4'),
('2024-06-22 00:05:04', '24.59'),
('2024-06-22 00:05:09', '24.4'),
('2024-06-22 00:05:15', '24.33'),
('2024-06-22 00:05:20', '34.95'),
('2024-06-22 00:05:25', '24.44'),
('2024-06-22 00:05:31', '34.93'),
('2024-06-22 00:05:36', '35.23'),
('2024-06-22 00:05:42', '35.26'),
('2024-06-22 00:05:47', '34.72'),
('2024-06-22 00:05:52', '35.06'),
('2024-06-22 00:05:58', '24.45'),
('2024-06-22 00:06:03', '34.63'),
('2024-06-22 00:06:08', '35.04'),
('2024-06-22 00:06:14', '34.72'),
('2024-06-22 00:06:19', '34.72'),
('2024-06-22 00:06:24', '24.26'),
('2024-06-22 00:06:30', '24.38'),
('2024-06-22 00:06:35', '24.46'),
('2024-06-22 00:06:40', '35.04'),
('2024-06-22 00:06:46', '34.86'),
('2024-06-22 00:06:51', '24.31'),
('2024-06-22 00:06:56', '34.97'),
('2024-06-22 00:07:02', '35.07'),
('2024-06-22 00:07:07', '24.35'),
('2024-06-22 00:07:13', '24.16'),
('2024-06-22 00:07:18', '34.73'),
('2024-06-22 00:07:23', '34.84'),
('2024-06-22 00:07:29', '24.41'),
('2024-06-22 00:07:34', '34.88'),
('2024-06-22 00:07:39', '24.18'),
('2024-06-22 00:07:45', '34.84'),
('2024-06-22 00:07:50', '24.27'),
('2024-06-22 00:07:55', '34.87'),
('2024-06-22 00:08:01', '24.18'),
('2024-06-22 00:08:06', '24.41'),
('2024-06-22 00:08:11', '24.25'),
('2024-06-22 00:08:17', '34.88'),
('2024-06-22 00:08:22', '24.44'),
('2024-06-22 00:08:27', '34.94'),
('2024-06-22 00:08:33', '34.85'),
('2024-06-22 00:08:38', '34.93'),
('2024-06-22 00:08:44', '24.35'),
('2024-06-22 00:08:49', '34.97'),
('2024-06-22 00:08:54', '24.4'),
('2024-06-22 00:09:00', '24.47'),
('2024-06-22 00:09:05', '34.92'),
('2024-06-22 00:09:10', '34.82'),
('2024-06-22 00:09:16', '34.9'),
('2024-06-22 00:09:21', '24.57'),
('2024-06-22 00:09:26', '34.74'),
('2024-06-22 00:09:32', '35.05'),
('2024-06-22 00:09:37', '34.85'),
('2024-06-22 00:09:42', '35.05'),
('2024-06-22 00:09:48', '24.42'),
('2024-06-22 00:09:53', '34.75'),
('2024-06-22 00:09:59', '34.89'),
('2024-06-22 00:10:04', '34.71'),
('2024-06-22 00:10:09', '24.28'),
('2024-06-22 00:10:15', '24.46'),
('2024-06-22 00:10:20', '24.34'),
('2024-06-22 00:10:25', '22.37'),
('2024-06-22 00:10:31', '24.22'),
('2024-06-22 00:10:36', '24.41'),
('2024-06-22 00:10:41', '24.25'),
('2024-06-22 00:10:47', '34.67'),
('2024-06-22 00:10:52', '36.49'),
('2024-06-22 00:10:57', '34.87'),
('2024-06-22 00:11:03', '34.87'),
('2024-06-22 00:11:08', '34.37'),
('2024-06-22 00:11:13', '36.1'),
('2024-06-22 00:11:19', '23.89'),
('2024-06-22 00:11:24', '24.25'),
('2024-06-22 00:11:29', '34.99'),
('2024-06-22 00:11:35', '34.84'),
('2024-06-22 00:11:40', '35'),
('2024-06-22 00:11:46', '35.06'),
('2024-06-22 00:11:51', '24.49'),
('2024-06-22 00:11:56', '34.86'),
('2024-06-22 00:12:02', '34.62'),
('2024-06-22 00:12:12', '24.35'),
('2024-06-22 00:12:18', '34.79'),
('2024-06-22 00:12:23', '24.16'),
('2024-06-22 00:12:28', '24.47'),
('2024-06-22 00:12:34', '24.33'),
('2024-06-22 00:12:39', '35.03'),
('2024-06-22 00:12:44', '24.37'),
('2024-06-22 00:12:50', '24.33'),
('2024-06-22 00:12:55', '24.3'),
('2024-06-22 00:13:00', '35.1'),
('2024-06-22 00:13:06', '35.01'),
('2024-06-22 00:13:11', '34.73'),
('2024-06-22 00:13:17', '24.34'),
('2024-06-22 00:13:22', '34.92'),
('2024-06-22 00:13:27', '34.47'),
('2024-06-22 00:13:33', '35.11'),
('2024-06-22 00:13:38', '24.24'),
('2024-06-22 00:13:43', '35.08'),
('2024-06-22 00:13:49', '34.93'),
('2024-06-22 00:13:54', '34.91'),
('2024-06-22 00:13:59', '34.79'),
('2024-06-22 00:14:05', '34.85'),
('2024-06-22 00:14:10', '24.28'),
('2024-06-22 00:14:21', '24.4'),
('2024-06-22 00:14:26', '24.44'),
('2024-06-22 00:14:31', '24.37'),
('2024-06-22 00:14:37', '35.05'),
('2024-06-22 00:14:42', '36.64'),
('2024-06-22 00:14:47', '35.15'),
('2024-06-22 00:14:53', '24.53'),
('2024-06-22 00:14:58', '36.51'),
('2024-06-22 00:15:04', '34.93'),
('2024-06-22 00:15:09', '34.85'),
('2024-06-22 00:15:14', '24.49'),
('2024-06-22 00:15:20', '24.38'),
('2024-06-22 00:15:25', '35.02'),
('2024-06-22 00:15:30', '34.83'),
('2024-06-22 00:15:36', '24.4'),
('2024-06-22 00:15:41', '24.44'),
('2024-06-22 00:15:46', '24.5'),
('2024-06-22 00:15:52', '24.51'),
('2024-06-22 00:15:57', '35.06'),
('2024-06-22 00:16:02', '25.77'),
('2024-06-22 00:16:08', '24.44'),
('2024-06-22 00:16:13', '34.71'),
('2024-06-22 00:16:19', '24.3'),
('2024-06-22 00:16:24', '34.92'),
('2024-06-22 00:16:29', '35.21'),
('2024-06-22 00:16:35', '34.85'),
('2024-06-22 00:16:40', '34.83'),
('2024-06-22 00:16:45', '35.05'),
('2024-06-22 00:16:51', '35.03'),
('2024-06-22 00:16:56', '36.11'),
('2024-06-22 00:17:01', '24.19'),
('2024-06-22 00:17:07', '24.49'),
('2024-06-22 00:17:12', '24.41'),
('2024-06-22 00:17:17', '24.16'),
('2024-06-22 00:17:23', '24.44'),
('2024-06-22 00:17:28', '34.76'),
('2024-06-22 00:17:34', '35.01'),
('2024-06-22 00:17:39', '34.62'),
('2024-06-22 00:17:44', '24.45'),
('2024-06-22 00:17:50', '24.29'),
('2024-06-22 00:17:55', '34.99'),
('2024-06-22 00:18:00', '24.35'),
('2024-06-22 00:18:06', '24.41'),
('2024-06-22 00:18:11', '35.08'),
('2024-06-22 00:18:16', '34.87'),
('2024-06-22 00:18:22', '24.37'),
('2024-06-22 00:18:27', '24.38'),
('2024-06-22 00:18:32', '24.23'),
('2024-06-22 00:18:38', '34.41'),
('2024-06-22 00:18:43', '34.74'),
('2024-06-22 00:18:48', '24.44'),
('2024-06-22 00:18:54', '35.22'),
('2024-06-22 00:18:59', '35.07'),
('2024-06-22 00:19:04', '24.51'),
('2024-06-22 00:19:10', '24.55'),
('2024-06-22 00:19:15', '35'),
('2024-06-22 00:19:21', '34.74'),
('2024-06-22 00:19:26', '34.96'),
('2024-06-22 00:19:31', '35'),
('2024-06-22 00:19:37', '35.05'),
('2024-06-22 00:19:42', '24.48'),
('2024-06-22 00:19:47', '34.97'),
('2024-06-22 00:19:53', '34.96'),
('2024-06-22 00:19:58', '24.43'),
('2024-06-22 00:20:03', '35.08'),
('2024-06-22 00:20:09', '34.73'),
('2024-06-22 00:20:14', '24.49'),
('2024-06-22 00:20:19', '34.87'),
('2024-06-22 00:20:25', '34.84'),
('2024-06-22 00:20:30', '35.18'),
('2024-06-22 00:20:35', '34.92'),
('2024-06-22 00:20:41', '24.47'),
('2024-06-22 00:20:46', '24.56'),
('2024-06-22 00:20:52', '24.48'),
('2024-06-22 00:20:57', '35.16'),
('2024-06-22 00:21:02', '34.93'),
('2024-06-22 00:21:08', '34.92'),
('2024-06-22 00:21:13', '24.48'),
('2024-06-22 00:21:18', '35.1'),
('2024-06-22 00:21:24', '35.13'),
('2024-06-22 00:21:29', '24.42'),
('2024-06-22 00:21:34', '34.83'),
('2024-06-22 00:21:40', '34.85'),
('2024-06-22 00:21:45', '34.92'),
('2024-06-22 00:21:50', '24.24'),
('2024-06-22 00:21:56', '24.21'),
('2024-06-22 00:22:01', '34.92'),
('2024-06-22 00:22:06', '34.97'),
('2024-06-22 00:22:12', '24.32'),
('2024-06-22 00:22:17', '34.79'),
('2024-06-22 00:22:23', '35.01'),
('2024-06-22 00:22:28', '24.52'),
('2024-06-22 00:22:33', '34.8'),
('2024-06-22 00:22:39', '24.43'),
('2024-06-22 00:22:44', '34.97'),
('2024-06-22 00:22:49', '34.9'),
('2024-06-22 00:22:55', '34.86'),
('2024-06-22 00:23:00', '34.95'),
('2024-06-22 00:23:05', '34.83'),
('2024-06-22 00:23:11', '35.16'),
('2024-06-22 00:23:16', '24.47'),
('2024-06-22 00:23:21', '34.7'),
('2024-06-22 00:23:27', '25.87'),
('2024-06-22 00:23:32', '34.98'),
('2024-06-22 00:23:37', '36.33'),
('2024-06-22 00:23:43', '34.66'),
('2024-06-22 00:23:48', '24.4'),
('2024-06-22 00:23:54', '24.53'),
('2024-06-22 00:23:59', '35.22'),
('2024-06-22 00:24:04', '24.52'),
('2024-06-22 00:24:10', '35.02'),
('2024-06-22 00:24:15', '34.83'),
('2024-06-22 00:24:20', '34.96'),
('2024-06-22 00:24:26', '24.44'),
('2024-06-22 00:24:31', '35.14'),
('2024-06-22 00:24:36', '35'),
('2024-06-22 00:24:42', '36.45'),
('2024-06-22 00:24:47', '24.37'),
('2024-06-22 00:24:52', '34.99'),
('2024-06-22 00:24:58', '24.53'),
('2024-06-22 00:25:03', '34.96'),
('2024-06-22 00:25:08', '24.57'),
('2024-06-22 00:25:14', '24.42'),
('2024-06-22 00:25:19', '35.12'),
('2024-06-22 00:25:25', '24.4'),
('2024-06-22 00:25:30', '34.91'),
('2024-06-22 00:25:35', '34.76'),
('2024-06-22 00:25:41', '32.9'),
('2024-06-22 00:25:46', '35'),
('2024-06-22 00:25:51', '34.98'),
('2024-06-22 00:25:57', '34.93'),
('2024-06-22 00:26:02', '35.13'),
('2024-06-22 00:26:07', '35.23'),
('2024-06-22 00:26:13', '24.6'),
('2024-06-22 00:26:18', '35.08'),
('2024-06-22 00:26:23', '35.08'),
('2024-06-22 00:26:29', '35.16'),
('2024-06-22 00:26:34', '24.57'),
('2024-06-22 00:26:39', '34.96'),
('2024-06-22 00:26:45', '33.45'),
('2024-06-22 00:26:50', '35.37'),
('2024-06-22 00:26:56', '24.67'),
('2024-06-22 00:27:01', '24.66'),
('2024-06-22 00:27:06', '35.21'),
('2024-06-22 00:27:12', '35.24'),
('2024-06-22 00:27:17', '35.16'),
('2024-06-22 00:27:22', '35.33'),
('2024-06-22 00:27:28', '35.29'),
('2024-06-22 00:27:33', '35.06'),
('2024-06-22 00:27:38', '24.44'),
('2024-06-22 00:27:44', '35.11'),
('2024-06-22 00:27:49', '33.61'),
('2024-06-22 00:27:54', '24.41'),
('2024-06-22 00:28:00', '35.12'),
('2024-06-22 00:28:05', '24.67'),
('2024-06-22 00:28:11', '24.44'),
('2024-06-22 00:28:16', '35.08'),
('2024-06-22 00:28:27', '24.67'),
('2024-06-22 00:28:32', '35.24'),
('2024-06-22 00:28:37', '24.65'),
('2024-06-22 00:28:43', '24.66'),
('2024-06-22 00:28:53', '24.47'),
('2024-06-22 00:29:04', '33.62'),
('2024-06-22 00:29:09', '24.56'),
('2024-06-22 00:29:15', '35.02'),
('2024-06-22 00:29:20', '33.54'),
('2024-06-22 00:29:25', '35.08'),
('2024-06-22 00:29:36', '33.53'),
('2024-06-22 00:29:41', '35.08'),
('2024-06-22 00:29:47', '35.14'),
('2024-06-22 00:29:52', '35.26'),
('2024-06-22 00:29:57', '33.49'),
('2024-06-22 00:30:03', '34.93'),
('2024-06-22 00:30:08', '34.85'),
('2024-06-22 00:30:13', '34.97'),
('2024-06-22 00:30:19', '35.18'),
('2024-06-22 00:30:29', '35.13'),
('2024-06-22 00:30:35', '35.17'),
('2024-06-22 00:30:40', '22.95'),
('2024-06-22 00:30:45', '34.97'),
('2024-06-22 00:30:51', '35.25'),
('2024-06-22 00:30:56', '35.12'),
('2024-06-22 00:31:01', '33.27'),
('2024-06-22 00:31:07', '24.51'),
('2024-06-22 00:31:12', '35.28'),
('2024-06-22 00:31:18', '34.98'),
('2024-06-22 00:31:23', '35.15'),
('2024-06-22 00:31:28', '33.44'),
('2024-06-22 00:31:34', '34.98'),
('2024-06-22 00:31:39', '35.11'),
('2024-06-22 00:31:44', '35.07'),
('2024-06-22 00:31:50', '34.99'),
('2024-06-22 00:31:55', '24.66'),
('2024-06-22 00:32:00', '35.26'),
('2024-06-22 00:32:06', '33.34'),
('2024-06-22 00:32:11', '35.02'),
('2024-06-22 00:32:16', '35.04'),
('2024-06-22 00:32:22', '24.49'),
('2024-06-22 00:32:27', '35.06'),
('2024-06-22 00:32:32', '24.49'),
('2024-06-22 00:32:38', '33.63'),
('2024-06-22 00:32:43', '33.57'),
('2024-06-22 00:32:49', '24.44'),
('2024-06-22 00:32:54', '34.97'),
('2024-06-22 00:32:59', '24.55'),
('2024-06-22 00:33:05', '24.61'),
('2024-06-22 00:33:10', '33.84'),
('2024-06-22 00:33:15', '33.7'),
('2024-06-22 00:33:21', '35.3'),
('2024-06-22 00:33:26', '35.27'),
('2024-06-22 00:33:31', '23.03'),
('2024-06-22 00:33:37', '22.87'),
('2024-06-22 00:33:42', '23.06'),
('2024-06-22 00:33:47', '35.4'),
('2024-06-22 00:33:53', '35.42'),
('2024-06-22 00:33:58', '35.36'),
('2024-06-22 00:34:03', '24.56'),
('2024-06-22 00:34:09', '24.53'),
('2024-06-22 00:34:14', '35.19'),
('2024-06-22 00:34:19', '24.62'),
('2024-06-22 00:34:25', '33.64'),
('2024-06-22 00:34:30', '23.05'),
('2024-06-22 00:34:36', '35.23'),
('2024-06-22 00:34:41', '35.22'),
('2024-06-22 00:34:46', '24.61'),
('2024-06-22 00:34:52', '35.37'),
('2024-06-22 00:34:57', '23.03'),
('2024-06-22 00:35:02', '23.02'),
('2024-06-22 00:35:08', '35.18'),
('2024-06-22 00:35:13', '35.05'),
('2024-06-22 00:35:18', '33.75'),
('2024-06-22 00:35:29', '33.5'),
('2024-06-22 00:35:34', '24.75'),
('2024-06-22 00:35:40', '35.11'),
('2024-06-22 00:37:05', '35.11'),
('2024-06-22 00:37:42', '35.14'),
('2024-06-22 00:37:48', '22.91'),
('2024-06-22 00:37:53', '35.01'),
('2024-06-22 00:38:04', '35.02'),
('2024-06-22 00:38:30', '33.61'),
('2024-06-22 00:38:52', '35.15'),
('2024-06-22 00:39:23', '24.44'),
('2024-06-22 00:39:29', '34.97'),
('2024-06-22 00:39:34', '24.59'),
('2024-06-22 00:41:08', '35.34'),
('2024-06-22 00:41:13', '24.47'),
('2024-06-22 00:41:19', '35.33'),
('2024-06-22 00:41:29', '35.38'),
('2024-06-22 00:41:35', '35.13'),
('2024-06-22 00:41:40', '35.29'),
('2024-06-22 00:41:45', '35.23'),
('2024-06-22 00:41:56', '55.58'),
('2024-06-22 00:42:02', '71.5'),
('2024-06-22 00:42:12', '56.14'),
('2024-06-22 00:42:28', '55.8'),
('2024-06-22 00:42:34', '70.04'),
('2024-06-22 00:42:39', '71.13'),
('2024-06-22 00:43:00', '71.52'),
('2024-06-22 00:43:11', '71.12'),
('2024-06-22 00:43:22', '72.55'),
('2024-06-22 00:43:27', '55.84');

-- --------------------------------------------------------

--
-- Struktur dari tabel `pju002modif`
--

CREATE TABLE `pju002modif` (
  `time` varchar(100) NOT NULL,
  `power` double(8,2) NOT NULL
) ENGINE=InnoDB DEFAULT CHARSET=utf8mb4 COLLATE=utf8mb4_unicode_ci;

--
-- Dumping data untuk tabel `pju002modif`
--

INSERT INTO `pju002modif` (`time`, `power`) VALUES
('2024-06-22 00:03:17', 24.40),
('2024-06-22 00:03:23', 34.87),
('2024-06-22 00:03:28', 34.77),
('2024-06-22 00:03:33', 24.27),
('2024-06-22 00:03:39', 34.80),
('2024-06-22 00:03:44', 34.89),
('2024-06-22 00:04:32', 24.55),
('2024-06-22 00:04:37', 24.37),
('2024-06-22 00:04:48', 24.59),
('2024-06-22 00:04:53', 35.19),
('2024-06-22 00:04:59', 35.40),
('2024-06-22 00:05:04', 24.59),
('2024-06-22 00:05:09', 24.40),
('2024-06-22 00:05:15', 24.33),
('2024-06-22 00:05:20', 34.95),
('2024-06-22 00:05:25', 24.44),
('2024-06-22 00:05:31', 34.93),
('2024-06-22 00:05:36', 35.23),
('2024-06-22 00:05:42', 35.26),
('2024-06-22 00:05:47', 34.72),
('2024-06-22 00:05:52', 35.06),
('2024-06-22 00:05:58', 24.45),
('2024-06-22 00:06:03', 34.63),
('2024-06-22 00:06:08', 35.04),
('2024-06-22 00:06:14', 34.72),
('2024-06-22 00:06:19', 34.72),
('2024-06-22 00:06:24', 24.26),
('2024-06-22 00:06:30', 24.38),
('2024-06-22 00:06:35', 24.46),
('2024-06-22 00:06:40', 35.04),
('2024-06-22 00:06:46', 34.86),
('2024-06-22 00:06:51', 24.31),
('2024-06-22 00:06:56', 34.97),
('2024-06-22 00:07:02', 35.07),
('2024-06-22 00:07:07', 24.35),
('2024-06-22 00:07:13', 24.16),
('2024-06-22 00:07:18', 34.73),
('2024-06-22 00:07:23', 34.84),
('2024-06-22 00:07:29', 24.41),
('2024-06-22 00:07:34', 34.88),
('2024-06-22 00:07:39', 24.18),
('2024-06-22 00:07:45', 34.84),
('2024-06-22 00:07:50', 24.27),
('2024-06-22 00:07:55', 34.87),
('2024-06-22 00:08:01', 24.18),
('2024-06-22 00:08:06', 24.41),
('2024-06-22 00:08:11', 24.25),
('2024-06-22 00:08:17', 34.88),
('2024-06-22 00:08:22', 24.44),
('2024-06-22 00:08:27', 34.94),
('2024-06-22 00:08:33', 34.85),
('2024-06-22 00:08:38', 34.93),
('2024-06-22 00:08:44', 24.35),
('2024-06-22 00:08:49', 34.97),
('2024-06-22 00:08:54', 24.40),
('2024-06-22 00:09:00', 24.47),
('2024-06-22 00:09:05', 34.92),
('2024-06-22 00:09:10', 34.82),
('2024-06-22 00:09:16', 34.90),
('2024-06-22 00:09:21', 24.57),
('2024-06-22 00:09:26', 34.74),
('2024-06-22 00:09:32', 35.05),
('2024-06-22 00:09:37', 34.85),
('2024-06-22 00:09:42', 35.05),
('2024-06-22 00:09:48', 24.42),
('2024-06-22 00:09:53', 34.75),
('2024-06-22 00:09:59', 34.89),
('2024-06-22 00:10:04', 34.71),
('2024-06-22 00:10:09', 24.28),
('2024-06-22 00:10:15', 24.46),
('2024-06-22 00:10:20', 24.34),
('2024-06-22 00:10:25', 22.37),
('2024-06-22 00:10:31', 24.22),
('2024-06-22 00:10:36', 24.41),
('2024-06-22 00:10:41', 24.25),
('2024-06-22 00:10:47', 34.67),
('2024-06-22 00:10:52', 36.49),
('2024-06-22 00:10:57', 34.87),
('2024-06-22 00:11:03', 34.87),
('2024-06-22 00:11:08', 34.37),
('2024-06-22 00:11:13', 36.10),
('2024-06-22 00:11:19', 23.89),
('2024-06-22 00:11:24', 24.25),
('2024-06-22 00:11:29', 34.99),
('2024-06-22 00:11:35', 34.84),
('2024-06-22 00:11:40', 35.00),
('2024-06-22 00:11:46', 35.06),
('2024-06-22 00:11:51', 24.49),
('2024-06-22 00:11:56', 34.86),
('2024-06-22 00:12:02', 34.62),
('2024-06-22 00:12:12', 24.35),
('2024-06-22 00:12:18', 34.79),
('2024-06-22 00:12:23', 24.16),
('2024-06-22 00:12:28', 24.47),
('2024-06-22 00:12:34', 24.33),
('2024-06-22 00:12:39', 35.03),
('2024-06-22 00:12:44', 24.37),
('2024-06-22 00:12:50', 24.33),
('2024-06-22 00:12:55', 24.30),
('2024-06-22 00:13:00', 35.10),
('2024-06-22 00:13:06', 35.01),
('2024-06-22 00:13:11', 34.73),
('2024-06-22 00:13:17', 24.34),
('2024-06-22 00:13:22', 34.92),
('2024-06-22 00:13:27', 34.47),
('2024-06-22 00:13:33', 35.11),
('2024-06-22 00:13:38', 24.24),
('2024-06-22 00:13:43', 35.08),
('2024-06-22 00:13:49', 34.93),
('2024-06-22 00:13:54', 34.91),
('2024-06-22 00:13:59', 34.79),
('2024-06-22 00:14:05', 34.85),
('2024-06-22 00:14:10', 24.28),
('2024-06-22 00:14:21', 24.40),
('2024-06-22 00:14:26', 24.44),
('2024-06-22 00:14:31', 24.37),
('2024-06-22 00:14:37', 35.05),
('2024-06-22 00:14:42', 36.64),
('2024-06-22 00:14:47', 35.15),
('2024-06-22 00:14:53', 24.53),
('2024-06-22 00:14:58', 36.51),
('2024-06-22 00:15:04', 34.93),
('2024-06-22 00:15:09', 34.85),
('2024-06-22 00:15:14', 24.49),
('2024-06-22 00:15:20', 24.38),
('2024-06-22 00:15:25', 35.02),
('2024-06-22 00:15:30', 34.83),
('2024-06-22 00:15:36', 24.40),
('2024-06-22 00:15:41', 24.44),
('2024-06-22 00:15:46', 24.50),
('2024-06-22 00:15:52', 24.51),
('2024-06-22 00:15:57', 35.06),
('2024-06-22 00:16:02', 25.77),
('2024-06-22 00:16:08', 24.44),
('2024-06-22 00:16:13', 34.71),
('2024-06-22 00:16:19', 24.30),
('2024-06-22 00:16:24', 34.92),
('2024-06-22 00:16:29', 35.21),
('2024-06-22 00:16:35', 34.85),
('2024-06-22 00:16:40', 34.83),
('2024-06-22 00:16:45', 35.05),
('2024-06-22 00:16:51', 35.03),
('2024-06-22 00:16:56', 36.11),
('2024-06-22 00:17:01', 24.19),
('2024-06-22 00:17:07', 24.49),
('2024-06-22 00:17:12', 24.41),
('2024-06-22 00:17:17', 24.16),
('2024-06-22 00:17:23', 24.44),
('2024-06-22 00:17:28', 34.76),
('2024-06-22 00:17:34', 35.01),
('2024-06-22 00:17:39', 34.62),
('2024-06-22 00:17:44', 24.45),
('2024-06-22 00:17:50', 24.29),
('2024-06-22 00:17:55', 34.99),
('2024-06-22 00:18:00', 24.35),
('2024-06-22 00:18:06', 24.41),
('2024-06-22 00:18:11', 35.08),
('2024-06-22 00:18:16', 34.87),
('2024-06-22 00:18:22', 24.37),
('2024-06-22 00:18:27', 24.38),
('2024-06-22 00:18:32', 24.23),
('2024-06-22 00:18:38', 34.41),
('2024-06-22 00:18:43', 34.74),
('2024-06-22 00:18:48', 24.44),
('2024-06-22 00:18:54', 35.22),
('2024-06-22 00:18:59', 35.07),
('2024-06-22 00:19:04', 24.51),
('2024-06-22 00:19:10', 24.55),
('2024-06-22 00:19:15', 35.00),
('2024-06-22 00:19:21', 34.74),
('2024-06-22 00:19:26', 34.96),
('2024-06-22 00:19:31', 35.00),
('2024-06-22 00:19:37', 35.05),
('2024-06-22 00:19:42', 24.48),
('2024-06-22 00:19:47', 34.97),
('2024-06-22 00:19:53', 34.96),
('2024-06-22 00:19:58', 24.43),
('2024-06-22 00:20:03', 35.08),
('2024-06-22 00:20:09', 34.73),
('2024-06-22 00:20:14', 24.49),
('2024-06-22 00:20:19', 34.87),
('2024-06-22 00:20:25', 34.84),
('2024-06-22 00:20:30', 35.18),
('2024-06-22 00:20:35', 34.92),
('2024-06-22 00:20:41', 24.47),
('2024-06-22 00:20:46', 24.56),
('2024-06-22 00:20:52', 24.48),
('2024-06-22 00:20:57', 35.16),
('2024-06-22 00:21:02', 34.93),
('2024-06-22 00:21:08', 34.92),
('2024-06-22 00:21:13', 24.48),
('2024-06-22 00:21:18', 35.10),
('2024-06-22 00:21:24', 35.13),
('2024-06-22 00:21:29', 24.42),
('2024-06-22 00:21:34', 34.83),
('2024-06-22 00:21:40', 34.85),
('2024-06-22 00:21:45', 34.92),
('2024-06-22 00:21:50', 24.24),
('2024-06-22 00:21:56', 24.21),
('2024-06-22 00:22:01', 34.92),
('2024-06-22 00:22:06', 34.97),
('2024-06-22 00:22:12', 24.32),
('2024-06-22 00:22:17', 34.79),
('2024-06-22 00:22:23', 35.01),
('2024-06-22 00:22:28', 24.52),
('2024-06-22 00:22:33', 34.80),
('2024-06-22 00:22:39', 24.43),
('2024-06-22 00:22:44', 34.97),
('2024-06-22 00:22:49', 34.90),
('2024-06-22 00:22:55', 34.86),
('2024-06-22 00:23:00', 34.95),
('2024-06-22 00:23:05', 34.83),
('2024-06-22 00:23:11', 35.16),
('2024-06-22 00:23:16', 24.47),
('2024-06-22 00:23:21', 34.70),
('2024-06-22 00:23:27', 25.87),
('2024-06-22 00:23:32', 34.98),
('2024-06-22 00:23:37', 36.33),
('2024-06-22 00:23:43', 34.66),
('2024-06-22 00:23:48', 24.40),
('2024-06-22 00:23:54', 24.53),
('2024-06-22 00:23:59', 35.22),
('2024-06-22 00:24:04', 24.52),
('2024-06-22 00:24:10', 35.02),
('2024-06-22 00:24:15', 34.83),
('2024-06-22 00:24:20', 34.96),
('2024-06-22 00:24:26', 24.44),
('2024-06-22 00:24:31', 35.14),
('2024-06-22 00:24:36', 35.00),
('2024-06-22 00:24:42', 36.45),
('2024-06-22 00:24:47', 24.37),
('2024-06-22 00:24:52', 34.99),
('2024-06-22 00:24:58', 24.53),
('2024-06-22 00:25:03', 34.96),
('2024-06-22 00:25:08', 24.57),
('2024-06-22 00:25:14', 24.42),
('2024-06-22 00:25:19', 35.12),
('2024-06-22 00:25:25', 24.40),
('2024-06-22 00:25:30', 34.91),
('2024-06-22 00:25:35', 34.76),
('2024-06-22 00:25:41', 32.90),
('2024-06-22 00:25:46', 35.00),
('2024-06-22 00:25:51', 34.98),
('2024-06-22 00:25:57', 34.93),
('2024-06-22 00:26:02', 35.13),
('2024-06-22 00:26:07', 35.23),
('2024-06-22 00:26:13', 24.60),
('2024-06-22 00:26:18', 35.08),
('2024-06-22 00:26:23', 35.08),
('2024-06-22 00:26:29', 35.16),
('2024-06-22 00:26:34', 24.57),
('2024-06-22 00:26:39', 34.96),
('2024-06-22 00:26:45', 33.45),
('2024-06-22 00:26:50', 35.37),
('2024-06-22 00:26:56', 24.67),
('2024-06-22 00:27:01', 24.66),
('2024-06-22 00:27:06', 35.21),
('2024-06-22 00:27:12', 35.24),
('2024-06-22 00:27:17', 35.16),
('2024-06-22 00:27:22', 35.33),
('2024-06-22 00:27:28', 35.29),
('2024-06-22 00:27:33', 35.06),
('2024-06-22 00:27:38', 24.44),
('2024-06-22 00:27:44', 35.11),
('2024-06-22 00:27:49', 33.61),
('2024-06-22 00:27:54', 24.41),
('2024-06-22 00:28:00', 35.12),
('2024-06-22 00:28:05', 24.67),
('2024-06-22 00:28:11', 24.44),
('2024-06-22 00:28:16', 35.08),
('2024-06-22 00:28:27', 24.67),
('2024-06-22 00:28:32', 35.24),
('2024-06-22 00:28:37', 24.65),
('2024-06-22 00:28:43', 24.66),
('2024-06-22 00:28:53', 24.47),
('2024-06-22 00:29:04', 33.62),
('2024-06-22 00:29:09', 24.56),
('2024-06-22 00:29:15', 35.02),
('2024-06-22 00:29:20', 33.54),
('2024-06-22 00:29:25', 35.08),
('2024-06-22 00:29:36', 33.53),
('2024-06-22 00:29:41', 35.08),
('2024-06-22 00:29:47', 35.14),
('2024-06-22 00:29:52', 35.26),
('2024-06-22 00:29:57', 33.49),
('2024-06-22 00:30:03', 34.93),
('2024-06-22 00:30:08', 34.85),
('2024-06-22 00:30:13', 34.97),
('2024-06-22 00:30:19', 35.18),
('2024-06-22 00:30:29', 35.13),
('2024-06-22 00:30:35', 35.17),
('2024-06-22 00:30:40', 22.95),
('2024-06-22 00:30:45', 34.97),
('2024-06-22 00:30:51', 35.25),
('2024-06-22 00:30:56', 35.12),
('2024-06-22 00:31:01', 33.27),
('2024-06-22 00:31:07', 24.51),
('2024-06-22 00:31:12', 35.28),
('2024-06-22 00:31:18', 34.98),
('2024-06-22 00:31:23', 35.15),
('2024-06-22 00:31:28', 33.44),
('2024-06-22 00:31:34', 34.98),
('2024-06-22 00:31:39', 35.11),
('2024-06-22 00:31:44', 35.07),
('2024-06-22 00:31:50', 34.99),
('2024-06-22 00:31:55', 24.66),
('2024-06-22 00:32:00', 35.26),
('2024-06-22 00:32:06', 33.34),
('2024-06-22 00:32:11', 35.02),
('2024-06-22 00:32:16', 35.04),
('2024-06-22 00:32:22', 24.49),
('2024-06-22 00:32:27', 35.06),
('2024-06-22 00:32:32', 24.49),
('2024-06-22 00:32:38', 33.63),
('2024-06-22 00:32:43', 33.57),
('2024-06-22 00:32:49', 24.44),
('2024-06-22 00:32:54', 34.97),
('2024-06-22 00:32:59', 24.55),
('2024-06-22 00:33:05', 24.61),
('2024-06-22 00:33:10', 33.84),
('2024-06-22 00:33:15', 33.70),
('2024-06-22 00:33:21', 35.30),
('2024-06-22 00:33:26', 35.27),
('2024-06-22 00:33:31', 23.03),
('2024-06-22 00:33:37', 22.87),
('2024-06-22 00:33:42', 23.06),
('2024-06-22 00:33:47', 35.40),
('2024-06-22 00:33:53', 35.42),
('2024-06-22 00:33:58', 35.36),
('2024-06-22 00:34:03', 24.56),
('2024-06-22 00:34:09', 24.53),
('2024-06-22 00:34:14', 35.19),
('2024-06-22 00:34:19', 24.62),
('2024-06-22 00:34:25', 33.64),
('2024-06-22 00:34:30', 23.05),
('2024-06-22 00:34:36', 35.23),
('2024-06-22 00:34:41', 35.22),
('2024-06-22 00:34:46', 24.61),
('2024-06-22 00:34:52', 35.37),
('2024-06-22 00:34:57', 23.03),
('2024-06-22 00:35:02', 23.02),
('2024-06-22 00:35:08', 35.18),
('2024-06-22 00:35:13', 35.05),
('2024-06-22 00:35:18', 33.75),
('2024-06-22 00:35:29', 33.50),
('2024-06-22 00:35:34', 24.75),
('2024-06-22 00:35:40', 35.11),
('2024-06-22 00:37:05', 35.11),
('2024-06-22 00:37:42', 35.14),
('2024-06-22 00:37:48', 22.91),
('2024-06-22 00:37:53', 35.01),
('2024-06-22 00:38:04', 35.02),
('2024-06-22 00:38:30', 33.61),
('2024-06-22 00:38:52', 35.15),
('2024-06-22 00:39:23', 24.44),
('2024-06-22 00:39:29', 34.97),
('2024-06-22 00:39:34', 24.59),
('2024-06-22 00:41:08', 35.34),
('2024-06-22 00:41:13', 24.47),
('2024-06-22 00:41:19', 35.33),
('2024-06-22 00:41:29', 35.38),
('2024-06-22 00:41:35', 35.13),
('2024-06-22 00:41:40', 35.29),
('2024-06-22 00:41:45', 35.23),
('2024-06-22 00:41:56', 55.58),
('2024-06-22 00:42:02', 71.50),
('2024-06-22 00:42:12', 56.14),
('2024-06-22 00:42:28', 55.80),
('2024-06-22 00:42:34', 70.04),
('2024-06-22 00:42:39', 71.13),
('2024-06-22 00:43:00', 71.52),
('2024-06-22 00:43:11', 71.12),
('2024-06-22 00:43:22', 72.55),
('2024-06-22 00:43:27', 55.84);

-- --------------------------------------------------------

--
-- Struktur dari tabel `pju003`
--

CREATE TABLE `pju003` (
  `time` varchar(100) NOT NULL,
  `data` varchar(100) NOT NULL
) ENGINE=InnoDB DEFAULT CHARSET=utf8mb4 COLLATE=utf8mb4_unicode_ci;

--
-- Dumping data untuk tabel `pju003`
--

INSERT INTO `pju003` (`time`, `data`) VALUES
('2024-06-22 00:50:31', '24.31'),
('2024-06-22 00:50:36', '24.39'),
('2024-06-22 00:50:42', '24.5'),
('2024-06-22 00:50:47', '34.9'),
('2024-06-22 00:50:53', '24.45'),
('2024-06-22 00:50:58', '24.27'),
('2024-06-22 00:51:03', '34.99'),
('2024-06-22 00:51:09', '25.76'),
('2024-06-22 00:51:14', '24.36'),
('2024-06-22 00:51:19', '34.56'),
('2024-06-22 00:51:25', '24.3'),
('2024-06-22 00:51:30', '25.69'),
('2024-06-22 00:51:35', '34.6'),
('2024-06-22 00:51:41', '34.34'),
('2024-06-22 00:51:46', '32.5'),
('2024-06-22 00:51:51', '24.06'),
('2024-06-22 00:51:57', '34.57'),
('2024-06-22 00:52:02', '34.54'),
('2024-06-22 00:52:07', '34.86'),
('2024-06-22 00:52:13', '34.5'),
('2024-06-22 00:52:18', '36.26'),
('2024-06-22 00:52:24', '34.45'),
('2024-06-22 00:52:29', '24.27'),
('2024-06-22 00:52:34', '25.79'),
('2024-06-22 00:52:40', '24.3'),
('2024-06-22 00:52:45', '24.4'),
('2024-06-22 00:52:50', '36.42'),
('2024-06-22 00:52:56', '24.23'),
('2024-06-22 00:53:01', '34.51'),
('2024-06-22 00:53:06', '34.31'),
('2024-06-22 00:53:12', '34.51'),
('2024-06-22 00:53:17', '34.77'),
('2024-06-22 00:53:22', '34.77'),
('2024-06-22 00:53:28', '24.25'),
('2024-06-22 00:53:33', '24.22'),
('2024-06-22 00:53:38', '34.36'),
('2024-06-22 00:53:44', '34.8'),
('2024-06-22 00:53:49', '34.76'),
('2024-06-22 00:53:54', '34.63'),
('2024-06-22 00:54:00', '24.31'),
('2024-06-22 00:54:05', '24.27'),
('2024-06-22 00:54:11', '34.6'),
('2024-06-22 00:54:16', '34.85'),
('2024-06-22 00:54:21', '24.35'),
('2024-06-22 00:54:27', '24.4'),
('2024-06-22 00:54:32', '34.78'),
('2024-06-22 00:54:37', '34.79'),
('2024-06-22 00:54:43', '34.88'),
('2024-06-22 00:54:48', '34.65'),
('2024-06-22 00:54:53', '34.74'),
('2024-06-22 00:54:59', '34.58'),
('2024-06-22 00:55:04', '24.26'),
('2024-06-22 00:55:09', '34.79'),
('2024-06-22 00:55:15', '34.59'),
('2024-06-22 00:55:20', '34.85'),
('2024-06-22 00:55:26', '24.23'),
('2024-06-22 00:55:31', '34.74'),
('2024-06-22 00:55:36', '34.68'),
('2024-06-22 00:55:42', '34.67'),
('2024-06-22 00:55:47', '34.57'),
('2024-06-22 00:55:52', '24.28'),
('2024-06-22 00:55:58', '34.8'),
('2024-06-22 00:56:03', '34.76'),
('2024-06-22 00:56:08', '24.08'),
('2024-06-22 00:56:14', '36'),
('2024-06-22 00:56:19', '34.59'),
('2024-06-22 00:56:24', '34.95'),
('2024-06-22 00:56:30', '34.79'),
('2024-06-22 00:56:35', '34.5'),
('2024-06-22 00:56:40', '34.62'),
('2024-06-22 00:56:46', '24.18'),
('2024-06-22 00:56:51', '34.6'),
('2024-06-22 00:56:57', '34.66'),
('2024-06-22 00:57:02', '34.82'),
('2024-06-22 00:57:07', '24.41'),
('2024-06-22 00:57:13', '34.64'),
('2024-06-22 00:57:18', '24.32'),
('2024-06-22 00:57:23', '34.81'),
('2024-06-22 00:57:29', '24.24'),
('2024-06-22 00:57:34', '34.84'),
('2024-06-22 00:57:39', '36.47'),
('2024-06-22 00:57:45', '24.31'),
('2024-06-22 00:57:50', '34.56'),
('2024-06-22 00:57:55', '34.8'),
('2024-06-22 00:58:01', '34.96'),
('2024-06-22 00:58:06', '24.33'),
('2024-06-22 00:58:11', '34.53'),
('2024-06-22 00:58:17', '34.87'),
('2024-06-22 00:58:22', '24.45'),
('2024-06-22 00:58:28', '34.66'),
('2024-06-22 00:58:33', '34.8'),
('2024-06-22 00:58:38', '24.41'),
('2024-06-22 00:58:44', '25.82'),
('2024-06-22 00:58:49', '35.11'),
('2024-06-22 00:58:54', '34.63'),
('2024-06-22 00:59:00', '34.94'),
('2024-06-22 00:59:05', '34.66'),
('2024-06-22 00:59:10', '24.36'),
('2024-06-22 00:59:16', '35.05'),
('2024-06-22 00:59:21', '34.72'),
('2024-06-22 00:59:26', '24.41'),
('2024-06-22 00:59:32', '34.83'),
('2024-06-22 00:59:37', '24.4'),
('2024-06-22 00:59:42', '25.78'),
('2024-06-22 00:59:48', '24.35'),
('2024-06-22 00:59:53', '24.21'),
('2024-06-22 00:59:59', '24.41'),
('2024-06-22 01:00:04', '35.05'),
('2024-06-22 01:00:09', '34.95'),
('2024-06-22 01:00:15', '34.94'),
('2024-06-22 01:00:20', '24.36'),
('2024-06-22 01:00:25', '24.25'),
('2024-06-22 01:00:31', '34.71'),
('2024-06-22 01:00:36', '34.73'),
('2024-06-22 01:00:41', '24.35'),
('2024-06-22 01:00:47', '34.59'),
('2024-06-22 01:00:52', '34.89'),
('2024-06-22 01:00:57', '34.42'),
('2024-06-22 01:01:03', '24.23'),
('2024-06-22 01:01:08', '34.8'),
('2024-06-22 01:01:13', '34.79'),
('2024-06-22 01:01:19', '34.72'),
('2024-06-22 01:01:24', '34.71'),
('2024-06-22 01:01:30', '34.89'),
('2024-06-22 01:01:35', '24.1'),
('2024-06-22 01:01:40', '34.72'),
('2024-06-22 01:01:46', '34.51'),
('2024-06-22 01:01:51', '36.26'),
('2024-06-22 01:01:56', '24.39'),
('2024-06-22 01:02:02', '24.4'),
('2024-06-22 01:02:07', '35.06'),
('2024-06-22 01:02:12', '25.92'),
('2024-06-22 01:02:18', '24.49'),
('2024-06-22 01:02:23', '34.89'),
('2024-06-22 01:02:28', '25.9'),
('2024-06-22 01:02:34', '24.58'),
('2024-06-22 01:02:39', '34.96'),
('2024-06-22 01:02:44', '34.87'),
('2024-06-22 01:02:50', '25.87'),
('2024-06-22 01:02:55', '34.99'),
('2024-06-22 01:03:01', '34.99'),
('2024-06-22 01:03:06', '35.22'),
('2024-06-22 01:03:11', '24.42'),
('2024-06-22 01:03:17', '34.79'),
('2024-06-22 01:03:22', '24.43'),
('2024-06-22 01:03:27', '35.17'),
('2024-06-22 01:03:33', '35.05'),
('2024-06-22 01:03:38', '34.89'),
('2024-06-22 01:03:43', '24.32'),
('2024-06-22 01:03:49', '35.04'),
('2024-06-22 01:03:54', '34.95'),
('2024-06-22 01:03:59', '35.13'),
('2024-06-22 01:04:05', '24.45'),
('2024-06-22 01:04:10', '35.14'),
('2024-06-22 01:04:15', '34.83'),
('2024-06-22 01:04:21', '36.31'),
('2024-06-22 01:04:26', '25.92'),
('2024-06-22 01:04:32', '34.93'),
('2024-06-22 01:04:37', '34.83'),
('2024-06-22 01:04:42', '24.48'),
('2024-06-22 01:04:48', '35.16'),
('2024-06-22 01:04:53', '35.29'),
('2024-06-22 01:04:58', '35.1'),
('2024-06-22 01:05:04', '24.49'),
('2024-06-22 01:05:09', '36.54'),
('2024-06-22 01:05:14', '35.03'),
('2024-06-22 01:05:20', '34.98'),
('2024-06-22 01:05:25', '36.64'),
('2024-06-22 01:05:30', '34.88'),
('2024-06-22 01:05:36', '34.91'),
('2024-06-22 01:05:41', '35.05'),
('2024-06-22 01:05:46', '35.09'),
('2024-06-22 01:05:52', '35.15'),
('2024-06-22 01:05:57', '24.52'),
('2024-06-22 01:06:03', '34.99'),
('2024-06-22 01:06:08', '35.04'),
('2024-06-22 01:06:13', '34.93'),
('2024-06-22 01:06:19', '24.51'),
('2024-06-22 01:06:24', '24.42'),
('2024-06-22 01:06:29', '34.92'),
('2024-06-22 01:06:35', '35.12'),
('2024-06-22 01:06:40', '24.57'),
('2024-06-22 01:06:45', '35.05'),
('2024-06-22 01:06:51', '35'),
('2024-06-22 01:06:56', '34.76'),
('2024-06-22 01:07:01', '34.89'),
('2024-06-22 01:07:07', '24.47'),
('2024-06-22 01:07:12', '24.43'),
('2024-06-22 01:07:18', '34.92'),
('2024-06-22 01:07:23', '36.69'),
('2024-06-22 01:07:28', '35.24'),
('2024-06-22 01:07:34', '24.66'),
('2024-06-22 01:07:39', '35.31'),
('2024-06-22 01:07:44', '35.18'),
('2024-06-22 01:07:50', '34.93'),
('2024-06-22 01:07:55', '35'),
('2024-06-22 01:08:00', '24.64'),
('2024-06-22 01:08:06', '35.17'),
('2024-06-22 01:08:11', '34.89'),
('2024-06-22 01:08:16', '34.84'),
('2024-06-22 01:08:22', '34.94'),
('2024-06-22 01:08:27', '35.17'),
('2024-06-22 01:08:32', '35.05'),
('2024-06-22 01:08:38', '35.01'),
('2024-06-22 01:08:43', '34.72'),
('2024-06-22 01:08:49', '34.85'),
('2024-06-22 01:08:54', '36.44'),
('2024-06-22 01:08:59', '34.95'),
('2024-06-22 01:09:05', '34.79'),
('2024-06-22 01:09:10', '34.96'),
('2024-06-22 01:09:15', '35.1'),
('2024-06-22 01:09:21', '35.25'),
('2024-06-22 01:09:26', '34.57'),
('2024-06-22 01:09:31', '32.87'),
('2024-06-22 01:09:37', '32.93'),
('2024-06-22 01:09:42', '33.09'),
('2024-06-22 01:09:47', '33.14'),
('2024-06-22 01:09:53', '34.49'),
('2024-06-22 01:09:58', '33.25'),
('2024-06-22 01:10:03', '32.96'),
('2024-06-22 01:10:09', '33.18'),
('2024-06-22 01:10:14', '33.06'),
('2024-06-22 01:10:20', '34.56'),
('2024-06-22 01:10:25', '32.98'),
('2024-06-22 01:10:30', '34.34'),
('2024-06-22 01:10:36', '34.88'),
('2024-06-22 01:10:41', '34.86'),
('2024-06-22 01:10:46', '35.21'),
('2024-06-22 01:10:52', '35.04'),
('2024-06-22 01:10:57', '35.08'),
('2024-06-22 01:11:02', '33.35'),
('2024-06-22 01:11:08', '35.02'),
('2024-06-22 01:11:13', '34.83'),
('2024-06-22 01:11:18', '24.49'),
('2024-06-22 01:11:24', '35.09'),
('2024-06-22 01:11:29', '24.36'),
('2024-06-22 01:11:35', '35.31'),
('2024-06-22 01:11:40', '35.13'),
('2024-06-22 01:11:45', '35.14'),
('2024-06-22 01:11:51', '35.37'),
('2024-06-22 01:11:56', '35.29'),
('2024-06-22 01:12:01', '35.36'),
('2024-06-22 01:12:07', '35.14'),
('2024-06-22 01:12:12', '24.7'),
('2024-06-22 01:12:17', '35.2'),
('2024-06-22 01:12:23', '35.07'),
('2024-06-22 01:12:28', '24.56'),
('2024-06-22 01:12:33', '34.97'),
('2024-06-22 01:12:39', '35.28'),
('2024-06-22 01:12:44', '24.44'),
('2024-06-22 01:12:49', '24.54'),
('2024-06-22 01:12:55', '35.3'),
('2024-06-22 01:13:00', '35.22'),
('2024-06-22 01:13:05', '35.16'),
('2024-06-22 01:13:11', '35'),
('2024-06-22 01:13:16', '34.94'),
('2024-06-22 01:13:22', '35.07'),
('2024-06-22 01:13:27', '24.55'),
('2024-06-22 01:13:32', '35.19'),
('2024-06-22 01:13:38', '24.54'),
('2024-06-22 01:13:43', '35.14'),
('2024-06-22 01:13:48', '24.45'),
('2024-06-22 01:13:54', '26.18'),
('2024-06-22 01:13:59', '35.43'),
('2024-06-22 01:14:04', '35.34'),
('2024-06-22 01:14:10', '35.06'),
('2024-06-22 01:14:15', '35'),
('2024-06-22 01:14:20', '24.49'),
('2024-06-22 01:14:26', '24.63'),
('2024-06-22 01:14:31', '35.47'),
('2024-06-22 01:14:36', '35.06'),
('2024-06-22 01:14:42', '35.2'),
('2024-06-22 01:14:47', '35.33'),
('2024-06-22 01:14:53', '35.02'),
('2024-06-22 01:14:58', '35.2'),
('2024-06-22 01:15:03', '35.38'),
('2024-06-22 01:15:09', '35.36'),
('2024-06-22 01:15:14', '35.47'),
('2024-06-22 01:15:19', '35.53'),
('2024-06-22 01:15:25', '24.72'),
('2024-06-22 01:15:30', '24.53'),
('2024-06-22 01:15:35', '33.45'),
('2024-06-22 01:15:41', '24.61'),
('2024-06-22 01:15:46', '35.18'),
('2024-06-22 01:15:51', '24.76'),
('2024-06-22 01:15:57', '24.76'),
('2024-06-22 01:16:02', '24.58'),
('2024-06-22 01:16:07', '35.3'),
('2024-06-22 01:16:13', '35.38'),
('2024-06-22 01:16:18', '24.76'),
('2024-06-22 01:16:23', '24.7'),
('2024-06-22 01:16:29', '35.33'),
('2024-06-22 01:16:34', '35.06'),
('2024-06-22 01:16:40', '35.04'),
('2024-06-22 01:16:45', '35.01'),
('2024-06-22 01:16:50', '24.45'),
('2024-06-22 01:16:56', '35.11'),
('2024-06-22 01:17:01', '35.25'),
('2024-06-22 01:17:06', '35.07'),
('2024-06-22 01:17:12', '24.48'),
('2024-06-22 01:17:17', '35.12'),
('2024-06-22 01:17:22', '36.53'),
('2024-06-22 01:17:28', '35.06'),
('2024-06-22 01:17:33', '24.48'),
('2024-06-22 01:17:38', '34.92'),
('2024-06-22 01:17:44', '24.41'),
('2024-06-22 01:17:49', '34.94'),
('2024-06-22 01:17:55', '35.07'),
('2024-06-22 01:18:00', '34.96'),
('2024-06-22 01:18:05', '34.84'),
('2024-06-22 01:18:11', '24.38'),
('2024-06-22 01:18:16', '34.83'),
('2024-06-22 01:18:21', '34.8'),
('2024-06-22 01:18:27', '34.92'),
('2024-06-22 01:18:32', '34.86'),
('2024-06-22 01:18:37', '34.91'),
('2024-06-22 01:18:43', '35.08'),
('2024-06-22 01:18:48', '35.05'),
('2024-06-22 01:18:53', '34.75'),
('2024-06-22 01:18:59', '24.38'),
('2024-06-22 01:19:04', '34.83'),
('2024-06-22 01:19:09', '35.12'),
('2024-06-22 01:19:15', '34.95'),
('2024-06-22 01:19:20', '34.85'),
('2024-06-22 01:19:25', '35.11'),
('2024-06-22 01:19:31', '34.81'),
('2024-06-22 01:19:36', '35.04'),
('2024-06-22 01:19:42', '34.84'),
('2024-06-22 01:19:47', '35.13'),
('2024-06-22 01:19:52', '34.91'),
('2024-06-22 01:19:58', '24.35'),
('2024-06-22 01:20:03', '35.08'),
('2024-06-22 01:20:08', '34.83'),
('2024-06-22 01:20:14', '35.14'),
('2024-06-22 01:20:19', '34.98'),
('2024-06-22 01:20:24', '24.41'),
('2024-06-22 01:20:30', '24.52'),
('2024-06-22 01:20:35', '24.44'),
('2024-06-22 01:20:40', '34.72'),
('2024-06-22 01:20:46', '34.93'),
('2024-06-22 01:20:51', '24.49'),
('2024-06-22 01:20:57', '35.04'),
('2024-06-22 01:21:02', '35.15'),
('2024-06-22 01:21:07', '34.91'),
('2024-06-22 01:21:13', '35.09'),
('2024-06-22 01:21:18', '34.97'),
('2024-06-22 01:21:23', '35.15'),
('2024-06-22 01:21:29', '24.39'),
('2024-06-22 01:21:34', '34.96'),
('2024-06-22 01:21:39', '34.96'),
('2024-06-22 01:21:45', '35.17'),
('2024-06-22 01:21:50', '24.57'),
('2024-06-22 01:21:55', '35.14'),
('2024-06-22 01:22:01', '35.13'),
('2024-06-22 01:22:06', '35.03'),
('2024-06-22 01:22:11', '35.14'),
('2024-06-22 01:22:17', '34.95'),
('2024-06-22 01:22:22', '24.33'),
('2024-06-22 01:22:27', '24.42'),
('2024-06-22 01:22:33', '24.51'),
('2024-06-22 01:22:38', '35.07'),
('2024-06-22 01:22:44', '35.23'),
('2024-06-22 01:22:49', '35.14'),
('2024-06-22 01:22:54', '34.98'),
('2024-06-22 01:23:00', '34.81'),
('2024-06-22 01:23:05', '24.48'),
('2024-06-22 01:23:10', '35.17'),
('2024-06-22 01:23:16', '34.89'),
('2024-06-22 01:23:21', '35.1'),
('2024-06-22 01:23:26', '24.47'),
('2024-06-22 01:23:32', '34.94'),
('2024-06-22 01:23:37', '35.23'),
('2024-06-22 01:23:42', '24.48'),
('2024-06-22 01:23:48', '35.25'),
('2024-06-22 01:23:53', '34.83'),
('2024-06-22 01:23:59', '35.1'),
('2024-06-22 01:24:04', '35.2'),
('2024-06-22 01:24:09', '24.32'),
('2024-06-22 01:24:15', '34.95'),
('2024-06-22 01:24:20', '35.33'),
('2024-06-22 01:24:25', '35.09'),
('2024-06-22 01:24:31', '34.71'),
('2024-06-22 01:24:36', '34.89'),
('2024-06-22 01:24:41', '34.74'),
('2024-06-22 01:24:47', '34.99'),
('2024-06-22 01:24:52', '35.14'),
('2024-06-22 01:24:57', '35.2'),
('2024-06-22 01:25:03', '35.18'),
('2024-06-22 01:25:08', '35.14'),
('2024-06-22 01:25:13', '35.23'),
('2024-06-22 01:25:19', '24.53'),
('2024-06-22 01:25:24', '24.58'),
('2024-06-22 01:25:30', '24.41'),
('2024-06-22 01:25:35', '24.35'),
('2024-06-22 01:25:40', '35.13'),
('2024-06-22 01:25:46', '35'),
('2024-06-22 01:25:51', '35.11'),
('2024-06-22 01:25:56', '34.98'),
('2024-06-22 01:26:02', '24.39'),
('2024-06-22 01:26:07', '24.44'),
('2024-06-22 01:26:12', '34.98'),
('2024-06-22 01:26:18', '24.31'),
('2024-06-22 01:26:23', '34.85'),
('2024-06-22 01:26:28', '35.09'),
('2024-06-22 01:26:34', '24.6'),
('2024-06-22 01:26:39', '24.53'),
('2024-06-22 01:26:44', '24.61'),
('2024-06-22 01:26:50', '24.59'),
('2024-06-22 01:26:55', '35.24'),
('2024-06-22 01:27:01', '24.58'),
('2024-06-22 01:27:06', '35.1'),
('2024-06-22 01:27:11', '35.06'),
('2024-06-22 01:27:17', '34.95'),
('2024-06-22 01:27:22', '24.52'),
('2024-06-22 01:27:27', '24.58'),
('2024-06-22 01:27:33', '35.28'),
('2024-06-22 01:27:38', '35.11'),
('2024-06-22 01:27:43', '24.4'),
('2024-06-22 01:27:49', '26.06'),
('2024-06-22 01:27:54', '35.28'),
('2024-06-22 01:27:59', '34.87'),
('2024-06-22 01:28:05', '24.52'),
('2024-06-22 01:28:10', '35.18'),
('2024-06-22 01:28:15', '24.54'),
('2024-06-22 01:28:21', '24.64'),
('2024-06-22 01:28:26', '34.91'),
('2024-06-22 01:28:32', '24.49'),
('2024-06-22 01:28:37', '24.55'),
('2024-06-22 01:28:42', '24.58'),
('2024-06-22 01:28:48', '34.43'),
('2024-06-22 01:28:53', '36.42'),
('2024-06-22 01:28:58', '34.65'),
('2024-06-22 01:29:04', '34.96'),
('2024-06-22 01:29:09', '24.48'),
('2024-06-22 01:29:14', '34.91'),
('2024-06-22 01:29:20', '35.02'),
('2024-06-22 01:29:25', '24.41'),
('2024-06-22 01:29:30', '24.58'),
('2024-06-22 01:29:36', '24.5'),
('2024-06-22 01:29:41', '14.46'),
('2024-06-22 01:29:55', '24.44'),
('2024-06-22 01:30:01', '35.07'),
('2024-06-22 01:30:06', '24.55'),
('2024-06-22 01:30:11', '35.08'),
('2024-06-22 01:30:17', '35.07'),
('2024-06-22 01:30:22', '35.17'),
('2024-06-22 01:30:27', '0.23'),
('2024-06-22 01:32:59', '24.74'),
('2024-06-22 01:33:15', '35.11'),
('2024-06-22 01:33:20', '24.6'),
('2024-06-22 01:33:52', '24.52'),
('2024-06-22 01:33:57', '24.59'),
('2024-06-22 01:34:13', '24.59'),
('2024-06-22 01:34:19', '36.34'),
('2024-06-22 01:34:24', '34.66'),
('2024-06-22 01:34:30', '25.69'),
('2024-06-22 01:34:35', '34.96'),
('2024-06-22 01:34:40', '24.19'),
('2024-06-22 01:34:46', '35.99'),
('2024-06-22 01:34:51', '36.37'),
('2024-06-22 01:34:56', '25.81'),
('2024-06-22 01:35:02', '34.86'),
('2024-06-22 01:35:07', '36.33'),
('2024-06-22 01:35:12', '24.24'),
('2024-06-22 01:35:18', '36.18'),
('2024-06-22 01:35:23', '34.62'),
('2024-06-22 01:35:28', '23.72'),
('2024-06-22 01:35:34', '30.78'),
('2024-06-22 01:35:39', '22.04'),
('2024-06-22 01:35:44', '32.18'),
('2024-06-22 01:35:50', '32.12'),
('2024-06-22 01:35:55', '21.97'),
('2024-06-22 01:36:01', '32.05'),
('2024-06-22 01:36:06', '22.07'),
('2024-06-22 01:36:11', '32.1'),
('2024-06-22 01:36:17', '32.43'),
('2024-06-22 01:36:22', '21.94'),
('2024-06-22 01:36:27', '32.24'),
('2024-06-22 01:36:33', '32.22'),
('2024-06-22 01:36:38', '33.67'),
('2024-06-22 01:36:43', '32.28'),
('2024-06-22 01:36:49', '23.55'),
('2024-06-22 01:36:54', '32.29'),
('2024-06-22 01:36:59', '32.52'),
('2024-06-22 01:37:05', '32.22'),
('2024-06-22 01:37:10', '33.66'),
('2024-06-22 01:37:15', '31.85'),
('2024-06-22 01:37:21', '22.02'),
('2024-06-22 01:37:26', '32.42'),
('2024-06-22 01:37:31', '33.84'),
('2024-06-22 01:37:37', '32.38'),
('2024-06-22 01:37:42', '20.22'),
('2024-06-22 01:37:47', '21.95'),
('2024-06-22 01:37:53', '32.26'),
('2024-06-22 01:37:58', '23.64'),
('2024-06-22 01:38:04', '22.28'),
('2024-06-22 01:38:09', '32.59'),
('2024-06-22 01:38:14', '32.32'),
('2024-06-22 01:38:20', '23.84'),
('2024-06-22 01:38:25', '23.62'),
('2024-06-22 01:38:30', '33.86'),
('2024-06-22 01:38:36', '34.15'),
('2024-06-22 01:38:41', '32.46'),
('2024-06-22 01:38:46', '23.72'),
('2024-06-22 01:38:52', '23.7'),
('2024-06-22 01:38:57', '34.14'),
('2024-06-22 01:39:02', '23.74'),
('2024-06-22 01:39:08', '22.32'),
('2024-06-22 01:39:13', '23.74'),
('2024-06-22 01:39:18', '34.05'),
('2024-06-22 01:39:24', '34.29'),
('2024-06-22 01:39:29', '34.17'),
('2024-06-22 01:39:34', '33.89'),
('2024-06-22 01:39:40', '34.22'),
('2024-06-22 01:39:45', '32.42'),
('2024-06-22 01:39:50', '34.05'),
('2024-06-22 01:39:56', '23.94'),
('2024-06-22 01:40:01', '33.95'),
('2024-06-22 01:40:07', '32.39'),
('2024-06-22 01:40:12', '33.94'),
('2024-06-22 01:40:17', '23.6'),
('2024-06-22 01:40:23', '23.8'),
('2024-06-22 01:40:28', '34.2'),
('2024-06-22 01:40:33', '34.34'),
('2024-06-22 01:40:39', '34.24'),
('2024-06-22 01:40:44', '34.19'),
('2024-06-22 01:40:49', '23.92'),
('2024-06-22 01:40:55', '34.07'),
('2024-06-22 01:41:00', '34.21'),
('2024-06-22 01:41:05', '24.01'),
('2024-06-22 01:41:11', '23.82'),
('2024-06-22 01:41:16', '35.56'),
('2024-06-22 01:41:21', '23.88'),
('2024-06-22 01:41:27', '23.96'),
('2024-06-22 01:41:32', '35.59'),
('2024-06-22 01:41:37', '34.1'),
('2024-06-22 01:41:43', '23.95'),
('2024-06-22 01:41:48', '34.29'),
('2024-06-22 01:41:53', '34.21'),
('2024-06-22 01:41:59', '34.34'),
('2024-06-22 01:42:04', '23.95'),
('2024-06-22 01:42:09', '35.72'),
('2024-06-22 01:42:15', '23.96'),
('2024-06-22 01:42:20', '23.77'),
('2024-06-22 01:42:26', '34.37'),
('2024-06-22 01:42:31', '25.61'),
('2024-06-22 01:42:36', '34.1'),
('2024-06-22 01:42:42', '25.36'),
('2024-06-22 01:42:47', '34.24'),
('2024-06-22 01:42:52', '23.87'),
('2024-06-22 01:42:58', '34.06'),
('2024-06-22 01:43:03', '35.83'),
('2024-06-22 01:43:08', '23.83'),
('2024-06-22 01:43:14', '34.56'),
('2024-06-22 01:43:19', '25.33'),
('2024-06-22 01:43:24', '33.85'),
('2024-06-22 01:43:30', '23.86'),
('2024-06-22 01:43:35', '34.05'),
('2024-06-22 01:43:40', '24.03'),
('2024-06-22 01:43:46', '34.02'),
('2024-06-22 01:43:51', '25.38'),
('2024-06-22 01:43:56', '25.32'),
('2024-06-22 01:44:02', '34.24'),
('2024-06-22 01:44:07', '25.3'),
('2024-06-22 01:44:12', '35.6'),
('2024-06-22 01:44:18', '34.27'),
('2024-06-22 01:44:23', '34.31'),
('2024-06-22 01:44:28', '23.83'),
('2024-06-22 01:44:49', '34.2'),
('2024-06-22 01:45:00', '25.32'),
('2024-06-22 01:45:06', '34.17'),
('2024-06-22 01:45:11', '34.09'),
('2024-06-22 01:45:16', '35.42'),
('2024-06-22 01:45:22', '34.1'),
('2024-06-22 01:45:27', '34.19');

-- --------------------------------------------------------

--
-- Struktur dari tabel `pju003modif`
--

CREATE TABLE `pju003modif` (
  `time` varchar(100) NOT NULL,
  `power` double(8,2) NOT NULL
) ENGINE=InnoDB DEFAULT CHARSET=utf8mb4 COLLATE=utf8mb4_unicode_ci;

--
-- Dumping data untuk tabel `pju003modif`
--

INSERT INTO `pju003modif` (`time`, `power`) VALUES
('2024-06-22 00:50:31', 24.31),
('2024-06-22 00:50:36', 24.39),
('2024-06-22 00:50:42', 24.50),
('2024-06-22 00:50:47', 34.90),
('2024-06-22 00:50:53', 24.45),
('2024-06-22 00:50:58', 24.27),
('2024-06-22 00:51:03', 34.99),
('2024-06-22 00:51:09', 25.76),
('2024-06-22 00:51:14', 24.36),
('2024-06-22 00:51:19', 34.56),
('2024-06-22 00:51:25', 24.30),
('2024-06-22 00:51:30', 25.69),
('2024-06-22 00:51:35', 34.60),
('2024-06-22 00:51:41', 34.34),
('2024-06-22 00:51:46', 32.50),
('2024-06-22 00:51:51', 24.06),
('2024-06-22 00:51:57', 34.57),
('2024-06-22 00:52:02', 34.54),
('2024-06-22 00:52:07', 34.86),
('2024-06-22 00:52:13', 34.50),
('2024-06-22 00:52:18', 36.26),
('2024-06-22 00:52:24', 34.45),
('2024-06-22 00:52:29', 24.27),
('2024-06-22 00:52:34', 25.79),
('2024-06-22 00:52:40', 24.30),
('2024-06-22 00:52:45', 24.40),
('2024-06-22 00:52:50', 36.42),
('2024-06-22 00:52:56', 24.23),
('2024-06-22 00:53:01', 34.51),
('2024-06-22 00:53:06', 34.31),
('2024-06-22 00:53:12', 34.51),
('2024-06-22 00:53:17', 34.77),
('2024-06-22 00:53:22', 34.77),
('2024-06-22 00:53:28', 24.25),
('2024-06-22 00:53:33', 24.22),
('2024-06-22 00:53:38', 34.36),
('2024-06-22 00:53:44', 34.80),
('2024-06-22 00:53:49', 34.76),
('2024-06-22 00:53:54', 34.63),
('2024-06-22 00:54:00', 24.31),
('2024-06-22 00:54:05', 24.27),
('2024-06-22 00:54:11', 34.60),
('2024-06-22 00:54:16', 34.85),
('2024-06-22 00:54:21', 24.35),
('2024-06-22 00:54:27', 24.40),
('2024-06-22 00:54:32', 34.78),
('2024-06-22 00:54:37', 34.79),
('2024-06-22 00:54:43', 34.88),
('2024-06-22 00:54:48', 34.65),
('2024-06-22 00:54:53', 34.74),
('2024-06-22 00:54:59', 34.58),
('2024-06-22 00:55:04', 24.26),
('2024-06-22 00:55:09', 34.79),
('2024-06-22 00:55:15', 34.59),
('2024-06-22 00:55:20', 34.85),
('2024-06-22 00:55:26', 24.23),
('2024-06-22 00:55:31', 34.74),
('2024-06-22 00:55:36', 34.68),
('2024-06-22 00:55:42', 34.67),
('2024-06-22 00:55:47', 34.57),
('2024-06-22 00:55:52', 24.28),
('2024-06-22 00:55:58', 34.80),
('2024-06-22 00:56:03', 34.76),
('2024-06-22 00:56:08', 24.08),
('2024-06-22 00:56:14', 36.00),
('2024-06-22 00:56:19', 34.59),
('2024-06-22 00:56:24', 34.95),
('2024-06-22 00:56:30', 34.79),
('2024-06-22 00:56:35', 34.50),
('2024-06-22 00:56:40', 34.62),
('2024-06-22 00:56:46', 24.18),
('2024-06-22 00:56:51', 34.60),
('2024-06-22 00:56:57', 34.66),
('2024-06-22 00:57:02', 34.82),
('2024-06-22 00:57:07', 24.41),
('2024-06-22 00:57:13', 34.64),
('2024-06-22 00:57:18', 24.32),
('2024-06-22 00:57:23', 34.81),
('2024-06-22 00:57:29', 24.24),
('2024-06-22 00:57:34', 34.84),
('2024-06-22 00:57:39', 36.47),
('2024-06-22 00:57:45', 24.31),
('2024-06-22 00:57:50', 34.56),
('2024-06-22 00:57:55', 34.80),
('2024-06-22 00:58:01', 34.96),
('2024-06-22 00:58:06', 24.33),
('2024-06-22 00:58:11', 34.53),
('2024-06-22 00:58:17', 34.87),
('2024-06-22 00:58:22', 24.45),
('2024-06-22 00:58:28', 34.66),
('2024-06-22 00:58:33', 34.80),
('2024-06-22 00:58:38', 24.41),
('2024-06-22 00:58:44', 25.82),
('2024-06-22 00:58:49', 35.11),
('2024-06-22 00:58:54', 34.63),
('2024-06-22 00:59:00', 34.94),
('2024-06-22 00:59:05', 34.66),
('2024-06-22 00:59:10', 24.36),
('2024-06-22 00:59:16', 35.05),
('2024-06-22 00:59:21', 34.72),
('2024-06-22 00:59:26', 24.41),
('2024-06-22 00:59:32', 34.83),
('2024-06-22 00:59:37', 24.40),
('2024-06-22 00:59:42', 25.78),
('2024-06-22 00:59:48', 24.35),
('2024-06-22 00:59:53', 24.21),
('2024-06-22 00:59:59', 24.41),
('2024-06-22 01:00:04', 35.05),
('2024-06-22 01:00:09', 34.95),
('2024-06-22 01:00:15', 34.94),
('2024-06-22 01:00:20', 24.36),
('2024-06-22 01:00:25', 24.25),
('2024-06-22 01:00:31', 34.71),
('2024-06-22 01:00:36', 34.73),
('2024-06-22 01:00:41', 24.35),
('2024-06-22 01:00:47', 34.59),
('2024-06-22 01:00:52', 34.89),
('2024-06-22 01:00:57', 34.42),
('2024-06-22 01:01:03', 24.23),
('2024-06-22 01:01:08', 34.80),
('2024-06-22 01:01:13', 34.79),
('2024-06-22 01:01:19', 34.72),
('2024-06-22 01:01:24', 34.71),
('2024-06-22 01:01:30', 34.89),
('2024-06-22 01:01:35', 24.10),
('2024-06-22 01:01:40', 34.72),
('2024-06-22 01:01:46', 34.51),
('2024-06-22 01:01:51', 36.26),
('2024-06-22 01:01:56', 24.39),
('2024-06-22 01:02:02', 24.40),
('2024-06-22 01:02:07', 35.06),
('2024-06-22 01:02:12', 25.92),
('2024-06-22 01:02:18', 24.49),
('2024-06-22 01:02:23', 34.89),
('2024-06-22 01:02:28', 25.90),
('2024-06-22 01:02:34', 24.58),
('2024-06-22 01:02:39', 34.96),
('2024-06-22 01:02:44', 34.87),
('2024-06-22 01:02:50', 25.87),
('2024-06-22 01:02:55', 34.99),
('2024-06-22 01:03:01', 34.99),
('2024-06-22 01:03:06', 35.22),
('2024-06-22 01:03:11', 24.42),
('2024-06-22 01:03:17', 34.79),
('2024-06-22 01:03:22', 24.43),
('2024-06-22 01:03:27', 35.17),
('2024-06-22 01:03:33', 35.05),
('2024-06-22 01:03:38', 34.89),
('2024-06-22 01:03:43', 24.32),
('2024-06-22 01:03:49', 35.04),
('2024-06-22 01:03:54', 34.95),
('2024-06-22 01:03:59', 35.13),
('2024-06-22 01:04:05', 24.45),
('2024-06-22 01:04:10', 35.14),
('2024-06-22 01:04:15', 34.83),
('2024-06-22 01:04:21', 36.31),
('2024-06-22 01:04:26', 25.92),
('2024-06-22 01:04:32', 34.93),
('2024-06-22 01:04:37', 34.83),
('2024-06-22 01:04:42', 24.48),
('2024-06-22 01:04:48', 35.16),
('2024-06-22 01:04:53', 35.29),
('2024-06-22 01:04:58', 35.10),
('2024-06-22 01:05:04', 24.49),
('2024-06-22 01:05:09', 36.54),
('2024-06-22 01:05:14', 35.03),
('2024-06-22 01:05:20', 34.98),
('2024-06-22 01:05:25', 36.64),
('2024-06-22 01:05:30', 34.88),
('2024-06-22 01:05:36', 34.91),
('2024-06-22 01:05:41', 35.05),
('2024-06-22 01:05:46', 35.09),
('2024-06-22 01:05:52', 35.15),
('2024-06-22 01:05:57', 24.52),
('2024-06-22 01:06:03', 34.99),
('2024-06-22 01:06:08', 35.04),
('2024-06-22 01:06:13', 34.93),
('2024-06-22 01:06:19', 24.51),
('2024-06-22 01:06:24', 24.42),
('2024-06-22 01:06:29', 34.92),
('2024-06-22 01:06:35', 35.12),
('2024-06-22 01:06:40', 24.57),
('2024-06-22 01:06:45', 35.05),
('2024-06-22 01:06:51', 35.00),
('2024-06-22 01:06:56', 34.76),
('2024-06-22 01:07:01', 34.89),
('2024-06-22 01:07:07', 24.47),
('2024-06-22 01:07:12', 24.43),
('2024-06-22 01:07:18', 34.92),
('2024-06-22 01:07:23', 36.69),
('2024-06-22 01:07:28', 35.24),
('2024-06-22 01:07:34', 24.66),
('2024-06-22 01:07:39', 35.31),
('2024-06-22 01:07:44', 35.18),
('2024-06-22 01:07:50', 34.93),
('2024-06-22 01:07:55', 35.00),
('2024-06-22 01:08:00', 24.64),
('2024-06-22 01:08:06', 35.17),
('2024-06-22 01:08:11', 34.89),
('2024-06-22 01:08:16', 34.84),
('2024-06-22 01:08:22', 34.94),
('2024-06-22 01:08:27', 35.17),
('2024-06-22 01:08:32', 35.05),
('2024-06-22 01:08:38', 35.01),
('2024-06-22 01:08:43', 34.72),
('2024-06-22 01:08:49', 34.85),
('2024-06-22 01:08:54', 36.44),
('2024-06-22 01:08:59', 34.95),
('2024-06-22 01:09:05', 34.79),
('2024-06-22 01:09:10', 34.96),
('2024-06-22 01:09:15', 35.10),
('2024-06-22 01:09:21', 35.25),
('2024-06-22 01:09:26', 34.57),
('2024-06-22 01:09:31', 32.87),
('2024-06-22 01:09:37', 32.93),
('2024-06-22 01:09:42', 33.09),
('2024-06-22 01:09:47', 33.14),
('2024-06-22 01:09:53', 34.49),
('2024-06-22 01:09:58', 33.25),
('2024-06-22 01:10:03', 32.96),
('2024-06-22 01:10:09', 33.18),
('2024-06-22 01:10:14', 33.06),
('2024-06-22 01:10:20', 34.56),
('2024-06-22 01:10:25', 32.98),
('2024-06-22 01:10:30', 34.34),
('2024-06-22 01:10:36', 34.88),
('2024-06-22 01:10:41', 34.86),
('2024-06-22 01:10:46', 35.21),
('2024-06-22 01:10:52', 35.04),
('2024-06-22 01:10:57', 35.08),
('2024-06-22 01:11:02', 33.35),
('2024-06-22 01:11:08', 35.02),
('2024-06-22 01:11:13', 34.83),
('2024-06-22 01:11:18', 24.49),
('2024-06-22 01:11:24', 35.09),
('2024-06-22 01:11:29', 24.36),
('2024-06-22 01:11:35', 35.31),
('2024-06-22 01:11:40', 35.13),
('2024-06-22 01:11:45', 35.14),
('2024-06-22 01:11:51', 35.37),
('2024-06-22 01:11:56', 35.29),
('2024-06-22 01:12:01', 35.36),
('2024-06-22 01:12:07', 35.14),
('2024-06-22 01:12:12', 24.70),
('2024-06-22 01:12:17', 35.20),
('2024-06-22 01:12:23', 35.07),
('2024-06-22 01:12:28', 24.56),
('2024-06-22 01:12:33', 34.97),
('2024-06-22 01:12:39', 35.28),
('2024-06-22 01:12:44', 24.44),
('2024-06-22 01:12:49', 24.54),
('2024-06-22 01:12:55', 35.30),
('2024-06-22 01:13:00', 35.22),
('2024-06-22 01:13:05', 35.16),
('2024-06-22 01:13:11', 35.00),
('2024-06-22 01:13:16', 34.94),
('2024-06-22 01:13:22', 35.07),
('2024-06-22 01:13:27', 24.55),
('2024-06-22 01:13:32', 35.19),
('2024-06-22 01:13:38', 24.54),
('2024-06-22 01:13:43', 35.14),
('2024-06-22 01:13:48', 24.45),
('2024-06-22 01:13:54', 26.18),
('2024-06-22 01:13:59', 35.43),
('2024-06-22 01:14:04', 35.34),
('2024-06-22 01:14:10', 35.06),
('2024-06-22 01:14:15', 35.00),
('2024-06-22 01:14:20', 24.49),
('2024-06-22 01:14:26', 24.63),
('2024-06-22 01:14:31', 35.47),
('2024-06-22 01:14:36', 35.06),
('2024-06-22 01:14:42', 35.20),
('2024-06-22 01:14:47', 35.33),
('2024-06-22 01:14:53', 35.02),
('2024-06-22 01:14:58', 35.20),
('2024-06-22 01:15:03', 35.38),
('2024-06-22 01:15:09', 35.36),
('2024-06-22 01:15:14', 35.47),
('2024-06-22 01:15:19', 35.53),
('2024-06-22 01:15:25', 24.72),
('2024-06-22 01:15:30', 24.53),
('2024-06-22 01:15:35', 33.45),
('2024-06-22 01:15:41', 24.61),
('2024-06-22 01:15:46', 35.18),
('2024-06-22 01:15:51', 24.76),
('2024-06-22 01:15:57', 24.76),
('2024-06-22 01:16:02', 24.58),
('2024-06-22 01:16:07', 35.30),
('2024-06-22 01:16:13', 35.38),
('2024-06-22 01:16:18', 24.76),
('2024-06-22 01:16:23', 24.70),
('2024-06-22 01:16:29', 35.33),
('2024-06-22 01:16:34', 35.06),
('2024-06-22 01:16:40', 35.04),
('2024-06-22 01:16:45', 35.01),
('2024-06-22 01:16:50', 24.45),
('2024-06-22 01:16:56', 35.11),
('2024-06-22 01:17:01', 35.25),
('2024-06-22 01:17:06', 35.07),
('2024-06-22 01:17:12', 24.48),
('2024-06-22 01:17:17', 35.12),
('2024-06-22 01:17:22', 36.53),
('2024-06-22 01:17:28', 35.06),
('2024-06-22 01:17:33', 24.48),
('2024-06-22 01:17:38', 34.92),
('2024-06-22 01:17:44', 24.41),
('2024-06-22 01:17:49', 34.94),
('2024-06-22 01:17:55', 35.07),
('2024-06-22 01:18:00', 34.96),
('2024-06-22 01:18:05', 34.84),
('2024-06-22 01:18:11', 24.38),
('2024-06-22 01:18:16', 34.83),
('2024-06-22 01:18:21', 34.80),
('2024-06-22 01:18:27', 34.92),
('2024-06-22 01:18:32', 34.86),
('2024-06-22 01:18:37', 34.91),
('2024-06-22 01:18:43', 35.08),
('2024-06-22 01:18:48', 35.05),
('2024-06-22 01:18:53', 34.75),
('2024-06-22 01:18:59', 24.38),
('2024-06-22 01:19:04', 34.83),
('2024-06-22 01:19:09', 35.12),
('2024-06-22 01:19:15', 34.95),
('2024-06-22 01:19:20', 34.85),
('2024-06-22 01:19:25', 35.11),
('2024-06-22 01:19:31', 34.81),
('2024-06-22 01:19:36', 35.04),
('2024-06-22 01:19:42', 34.84),
('2024-06-22 01:19:47', 35.13),
('2024-06-22 01:19:52', 34.91),
('2024-06-22 01:19:58', 24.35),
('2024-06-22 01:20:03', 35.08),
('2024-06-22 01:20:08', 34.83),
('2024-06-22 01:20:14', 35.14),
('2024-06-22 01:20:19', 34.98),
('2024-06-22 01:20:24', 24.41),
('2024-06-22 01:20:30', 24.52),
('2024-06-22 01:20:35', 24.44),
('2024-06-22 01:20:40', 34.72),
('2024-06-22 01:20:46', 34.93),
('2024-06-22 01:20:51', 24.49),
('2024-06-22 01:20:57', 35.04),
('2024-06-22 01:21:02', 35.15),
('2024-06-22 01:21:07', 34.91),
('2024-06-22 01:21:13', 35.09),
('2024-06-22 01:21:18', 34.97),
('2024-06-22 01:21:23', 35.15),
('2024-06-22 01:21:29', 24.39),
('2024-06-22 01:21:34', 34.96),
('2024-06-22 01:21:39', 34.96),
('2024-06-22 01:21:45', 35.17),
('2024-06-22 01:21:50', 24.57),
('2024-06-22 01:21:55', 35.14),
('2024-06-22 01:22:01', 35.13),
('2024-06-22 01:22:06', 35.03),
('2024-06-22 01:22:11', 35.14),
('2024-06-22 01:22:17', 34.95),
('2024-06-22 01:22:22', 24.33),
('2024-06-22 01:22:27', 24.42),
('2024-06-22 01:22:33', 24.51),
('2024-06-22 01:22:38', 35.07),
('2024-06-22 01:22:44', 35.23),
('2024-06-22 01:22:49', 35.14),
('2024-06-22 01:22:54', 34.98),
('2024-06-22 01:23:00', 34.81),
('2024-06-22 01:23:05', 24.48),
('2024-06-22 01:23:10', 35.17),
('2024-06-22 01:23:16', 34.89),
('2024-06-22 01:23:21', 35.10),
('2024-06-22 01:23:26', 24.47),
('2024-06-22 01:23:32', 34.94),
('2024-06-22 01:23:37', 35.23),
('2024-06-22 01:23:42', 24.48),
('2024-06-22 01:23:48', 35.25),
('2024-06-22 01:23:53', 34.83),
('2024-06-22 01:23:59', 35.10),
('2024-06-22 01:24:04', 35.20),
('2024-06-22 01:24:09', 24.32),
('2024-06-22 01:24:15', 34.95),
('2024-06-22 01:24:20', 35.33),
('2024-06-22 01:24:25', 35.09),
('2024-06-22 01:24:31', 34.71),
('2024-06-22 01:24:36', 34.89),
('2024-06-22 01:24:41', 34.74),
('2024-06-22 01:24:47', 34.99),
('2024-06-22 01:24:52', 35.14),
('2024-06-22 01:24:57', 35.20),
('2024-06-22 01:25:03', 35.18),
('2024-06-22 01:25:08', 35.14),
('2024-06-22 01:25:13', 35.23),
('2024-06-22 01:25:19', 24.53),
('2024-06-22 01:25:24', 24.58),
('2024-06-22 01:25:30', 24.41),
('2024-06-22 01:25:35', 24.35),
('2024-06-22 01:25:40', 35.13),
('2024-06-22 01:25:46', 35.00),
('2024-06-22 01:25:51', 35.11),
('2024-06-22 01:25:56', 34.98),
('2024-06-22 01:26:02', 24.39),
('2024-06-22 01:26:07', 24.44),
('2024-06-22 01:26:12', 34.98),
('2024-06-22 01:26:18', 24.31),
('2024-06-22 01:26:23', 34.85),
('2024-06-22 01:26:28', 35.09),
('2024-06-22 01:26:34', 24.60),
('2024-06-22 01:26:39', 24.53),
('2024-06-22 01:26:44', 24.61),
('2024-06-22 01:26:50', 24.59),
('2024-06-22 01:26:55', 35.24),
('2024-06-22 01:27:01', 24.58),
('2024-06-22 01:27:06', 35.10),
('2024-06-22 01:27:11', 35.06),
('2024-06-22 01:27:17', 34.95),
('2024-06-22 01:27:22', 24.52),
('2024-06-22 01:27:27', 24.58),
('2024-06-22 01:27:33', 35.28),
('2024-06-22 01:27:38', 35.11),
('2024-06-22 01:27:43', 24.40),
('2024-06-22 01:27:49', 26.06),
('2024-06-22 01:27:54', 35.28),
('2024-06-22 01:27:59', 34.87),
('2024-06-22 01:28:05', 24.52),
('2024-06-22 01:28:10', 35.18),
('2024-06-22 01:28:15', 24.54),
('2024-06-22 01:28:21', 24.64),
('2024-06-22 01:28:26', 34.91),
('2024-06-22 01:28:32', 24.49),
('2024-06-22 01:28:37', 24.55),
('2024-06-22 01:28:42', 24.58),
('2024-06-22 01:28:48', 34.43),
('2024-06-22 01:28:53', 36.42),
('2024-06-22 01:28:58', 34.65),
('2024-06-22 01:29:04', 34.96),
('2024-06-22 01:29:09', 24.48),
('2024-06-22 01:29:14', 34.91),
('2024-06-22 01:29:20', 35.02),
('2024-06-22 01:29:25', 24.41),
('2024-06-22 01:29:30', 24.58),
('2024-06-22 01:29:36', 24.50),
('2024-06-22 01:29:41', 14.46),
('2024-06-22 01:29:55', 24.44),
('2024-06-22 01:30:01', 35.07),
('2024-06-22 01:30:06', 24.55),
('2024-06-22 01:30:11', 35.08),
('2024-06-22 01:30:17', 35.07),
('2024-06-22 01:30:22', 35.17),
('2024-06-22 01:30:27', 0.23),
('2024-06-22 01:32:59', 24.74),
('2024-06-22 01:33:15', 35.11),
('2024-06-22 01:33:20', 24.60),
('2024-06-22 01:33:52', 24.52),
('2024-06-22 01:33:57', 24.59),
('2024-06-22 01:34:13', 24.59),
('2024-06-22 01:34:19', 36.34),
('2024-06-22 01:34:24', 34.66),
('2024-06-22 01:34:30', 25.69),
('2024-06-22 01:34:35', 34.96),
('2024-06-22 01:34:40', 24.19),
('2024-06-22 01:34:46', 35.99),
('2024-06-22 01:34:51', 36.37),
('2024-06-22 01:34:56', 25.81),
('2024-06-22 01:35:02', 34.86),
('2024-06-22 01:35:07', 36.33),
('2024-06-22 01:35:12', 24.24),
('2024-06-22 01:35:18', 36.18),
('2024-06-22 01:35:23', 34.62),
('2024-06-22 01:35:28', 23.72),
('2024-06-22 01:35:34', 30.78),
('2024-06-22 01:35:39', 22.04),
('2024-06-22 01:35:44', 32.18),
('2024-06-22 01:35:50', 32.12),
('2024-06-22 01:35:55', 21.97),
('2024-06-22 01:36:01', 32.05),
('2024-06-22 01:36:06', 22.07),
('2024-06-22 01:36:11', 32.10),
('2024-06-22 01:36:17', 32.43),
('2024-06-22 01:36:22', 21.94),
('2024-06-22 01:36:27', 32.24),
('2024-06-22 01:36:33', 32.22),
('2024-06-22 01:36:38', 33.67),
('2024-06-22 01:36:43', 32.28),
('2024-06-22 01:36:49', 23.55),
('2024-06-22 01:36:54', 32.29),
('2024-06-22 01:36:59', 32.52),
('2024-06-22 01:37:05', 32.22),
('2024-06-22 01:37:10', 33.66),
('2024-06-22 01:37:15', 31.85),
('2024-06-22 01:37:21', 22.02),
('2024-06-22 01:37:26', 32.42),
('2024-06-22 01:37:31', 33.84),
('2024-06-22 01:37:37', 32.38),
('2024-06-22 01:37:42', 20.22),
('2024-06-22 01:37:47', 21.95),
('2024-06-22 01:37:53', 32.26),
('2024-06-22 01:37:58', 23.64),
('2024-06-22 01:38:04', 22.28),
('2024-06-22 01:38:09', 32.59),
('2024-06-22 01:38:14', 32.32),
('2024-06-22 01:38:20', 23.84),
('2024-06-22 01:38:25', 23.62),
('2024-06-22 01:38:30', 33.86),
('2024-06-22 01:38:36', 34.15),
('2024-06-22 01:38:41', 32.46),
('2024-06-22 01:38:46', 23.72),
('2024-06-22 01:38:52', 23.70),
('2024-06-22 01:38:57', 34.14),
('2024-06-22 01:39:02', 23.74),
('2024-06-22 01:39:08', 22.32),
('2024-06-22 01:39:13', 23.74),
('2024-06-22 01:39:18', 34.05),
('2024-06-22 01:39:24', 34.29),
('2024-06-22 01:39:29', 34.17),
('2024-06-22 01:39:34', 33.89),
('2024-06-22 01:39:40', 34.22),
('2024-06-22 01:39:45', 32.42),
('2024-06-22 01:39:50', 34.05),
('2024-06-22 01:39:56', 23.94),
('2024-06-22 01:40:01', 33.95),
('2024-06-22 01:40:07', 32.39),
('2024-06-22 01:40:12', 33.94),
('2024-06-22 01:40:17', 23.60),
('2024-06-22 01:40:23', 23.80),
('2024-06-22 01:40:28', 34.20),
('2024-06-22 01:40:33', 34.34),
('2024-06-22 01:40:39', 34.24),
('2024-06-22 01:40:44', 34.19),
('2024-06-22 01:40:49', 23.92),
('2024-06-22 01:40:55', 34.07),
('2024-06-22 01:41:00', 34.21),
('2024-06-22 01:41:05', 24.01),
('2024-06-22 01:41:11', 23.82),
('2024-06-22 01:41:16', 35.56),
('2024-06-22 01:41:21', 23.88),
('2024-06-22 01:41:27', 23.96),
('2024-06-22 01:41:32', 35.59),
('2024-06-22 01:41:37', 34.10),
('2024-06-22 01:41:43', 23.95),
('2024-06-22 01:41:48', 34.29),
('2024-06-22 01:41:53', 34.21),
('2024-06-22 01:41:59', 34.34),
('2024-06-22 01:42:04', 23.95),
('2024-06-22 01:42:09', 35.72),
('2024-06-22 01:42:15', 23.96),
('2024-06-22 01:42:20', 23.77),
('2024-06-22 01:42:26', 34.37),
('2024-06-22 01:42:31', 25.61),
('2024-06-22 01:42:36', 34.10),
('2024-06-22 01:42:42', 25.36),
('2024-06-22 01:42:47', 34.24),
('2024-06-22 01:42:52', 23.87),
('2024-06-22 01:42:58', 34.06),
('2024-06-22 01:43:03', 35.83),
('2024-06-22 01:43:08', 23.83),
('2024-06-22 01:43:14', 34.56),
('2024-06-22 01:43:19', 25.33),
('2024-06-22 01:43:24', 33.85),
('2024-06-22 01:43:30', 23.86),
('2024-06-22 01:43:35', 34.05),
('2024-06-22 01:43:40', 24.03),
('2024-06-22 01:43:46', 34.02),
('2024-06-22 01:43:51', 25.38),
('2024-06-22 01:43:56', 25.32),
('2024-06-22 01:44:02', 34.24),
('2024-06-22 01:44:07', 25.30),
('2024-06-22 01:44:12', 35.60),
('2024-06-22 01:44:18', 34.27),
('2024-06-22 01:44:23', 34.31),
('2024-06-22 01:44:28', 23.83),
('2024-06-22 01:44:49', 34.20),
('2024-06-22 01:45:00', 25.32),
('2024-06-22 01:45:06', 34.17),
('2024-06-22 01:45:11', 34.09),
('2024-06-22 01:45:16', 35.42),
('2024-06-22 01:45:22', 34.10),
('2024-06-22 01:45:27', 34.19);

-- --------------------------------------------------------

--
-- Struktur dari tabel `pju004`
--

CREATE TABLE `pju004` (
  `time` varchar(100) NOT NULL,
  `data` varchar(100) NOT NULL
) ENGINE=InnoDB DEFAULT CHARSET=utf8mb4 COLLATE=utf8mb4_unicode_ci;

--
-- Dumping data untuk tabel `pju004`
--

INSERT INTO `pju004` (`time`, `data`) VALUES
('2024-06-22 01:46:09', '34.17'),
('2024-06-22 01:46:14', '34.4'),
('2024-06-22 01:46:19', '24'),
('2024-06-22 01:46:25', '25.38'),
('2024-06-22 01:46:30', '35.82'),
('2024-06-22 01:46:35', '34.11'),
('2024-06-22 01:46:41', '34.06'),
('2024-06-22 01:46:46', '34.11'),
('2024-06-22 01:46:51', '35.54'),
('2024-06-22 01:46:57', '34.17'),
('2024-06-22 01:47:02', '35.78'),
('2024-06-22 01:47:07', '23.93'),
('2024-06-22 01:47:13', '34.07'),
('2024-06-22 01:47:18', '35.74'),
('2024-06-22 01:47:23', '34.34'),
('2024-06-22 01:47:29', '35.88'),
('2024-06-22 01:47:34', '35.9'),
('2024-06-22 01:47:39', '34.55'),
('2024-06-22 01:47:45', '35.65'),
('2024-06-22 01:47:50', '25.6'),
('2024-06-22 01:47:55', '35.83'),
('2024-06-22 01:48:01', '23.84'),
('2024-06-22 01:48:06', '24.06'),
('2024-06-22 01:48:12', '34.2'),
('2024-06-22 01:48:17', '34.32'),
('2024-06-22 01:48:22', '35.69'),
('2024-06-22 01:48:28', '34.11'),
('2024-06-22 01:48:33', '35.87'),
('2024-06-22 01:48:38', '35.76'),
('2024-06-22 01:48:44', '35.8'),
('2024-06-22 01:48:49', '36.07'),
('2024-06-22 01:48:54', '23.9'),
('2024-06-22 01:49:00', '24.29'),
('2024-06-22 01:49:05', '34.43'),
('2024-06-22 01:49:10', '34.8'),
('2024-06-22 01:49:16', '34.57'),
('2024-06-22 01:49:21', '34.37'),
('2024-06-22 01:49:26', '25.79'),
('2024-06-22 01:49:32', '34.66'),
('2024-06-22 01:49:37', '34.24'),
('2024-06-22 01:49:42', '36.21'),
('2024-06-22 01:49:48', '35.83'),
('2024-06-22 01:49:53', '34.51'),
('2024-06-22 01:49:58', '34.56'),
('2024-06-22 01:50:04', '35.94'),
('2024-06-22 01:50:09', '34.78'),
('2024-06-22 01:50:15', '34.24'),
('2024-06-22 01:50:20', '35.89'),
('2024-06-22 01:50:25', '34.77'),
('2024-06-22 01:50:31', '34.63'),
('2024-06-22 01:50:36', '34.52'),
('2024-06-22 01:50:41', '34.66'),
('2024-06-22 01:50:47', '24.33'),
('2024-06-22 01:50:52', '34.39'),
('2024-06-22 01:50:57', '34.68'),
('2024-06-22 01:51:03', '24.2'),
('2024-06-22 01:51:08', '34.64'),
('2024-06-22 01:51:13', '34.64'),
('2024-06-22 01:51:19', '34.41'),
('2024-06-22 01:51:24', '34.79'),
('2024-06-22 01:51:29', '34.68'),
('2024-06-22 01:51:35', '34.41'),
('2024-06-22 01:51:40', '34.49'),
('2024-06-22 01:51:45', '34.57'),
('2024-06-22 01:51:51', '34.43'),
('2024-06-22 01:51:56', '34.71'),
('2024-06-22 01:52:02', '34.65'),
('2024-06-22 01:52:07', '34.51'),
('2024-06-22 01:52:12', '36.29'),
('2024-06-22 01:52:18', '22.6'),
('2024-06-22 01:52:23', '24.06'),
('2024-06-22 01:52:28', '24.06'),
('2024-06-22 01:52:34', '34.35'),
('2024-06-22 01:52:39', '36.08'),
('2024-06-22 01:52:44', '34.6'),
('2024-06-22 01:52:50', '24.27'),
('2024-06-22 01:52:55', '34.54'),
('2024-06-22 01:53:00', '34.36'),
('2024-06-22 01:53:06', '36.01'),
('2024-06-22 01:53:11', '34.53'),
('2024-06-22 01:53:16', '34.67'),
('2024-06-22 01:53:22', '36.07'),
('2024-06-22 01:53:27', '34.68'),
('2024-06-22 01:53:32', '34.63'),
('2024-06-22 01:53:38', '34.75'),
('2024-06-22 01:53:43', '25.7'),
('2024-06-22 01:53:48', '24.05'),
('2024-06-22 01:53:54', '34.7'),
('2024-06-22 01:53:59', '34.75'),
('2024-06-22 01:54:04', '34.75'),
('2024-06-22 01:54:10', '34.81'),
('2024-06-22 01:54:15', '34.57'),
('2024-06-22 01:54:20', '34.83'),
('2024-06-22 01:54:26', '24.37'),
('2024-06-22 01:54:36', '34.68'),
('2024-06-22 01:54:42', '24.26'),
('2024-06-22 01:54:58', '34.62'),
('2024-06-22 01:55:03', '24.14'),
('2024-06-22 01:55:08', '34.74'),
('2024-06-22 01:55:14', '34.47'),
('2024-06-22 01:55:19', '34.49'),
('2024-06-22 01:55:25', '36.19'),
('2024-06-22 01:55:30', '34.59'),
('2024-06-22 01:55:35', '24.08'),
('2024-06-22 01:55:41', '24.14'),
('2024-06-22 01:55:46', '35.89'),
('2024-06-22 01:55:51', '34.57'),
('2024-06-22 01:55:57', '24.2'),
('2024-06-22 01:56:02', '36.01'),
('2024-06-22 01:56:07', '34.68'),
('2024-06-22 01:56:13', '35.86'),
('2024-06-22 01:56:18', '34.45'),
('2024-06-22 01:56:23', '35.96'),
('2024-06-22 01:56:29', '24.22'),
('2024-06-22 01:56:34', '36.16'),
('2024-06-22 01:56:39', '34.65'),
('2024-06-22 01:56:50', '34.71'),
('2024-06-22 01:56:55', '34.3'),
('2024-06-22 01:57:01', '34.32'),
('2024-06-22 01:57:06', '34.61'),
('2024-06-22 01:57:11', '35.77'),
('2024-06-22 01:57:17', '24.26'),
('2024-06-22 01:57:22', '25.54'),
('2024-06-22 01:57:27', '24.3'),
('2024-06-22 01:57:33', '24.28'),
('2024-06-22 01:57:38', '34.61'),
('2024-06-22 01:57:43', '34.54'),
('2024-06-22 01:57:49', '34.55'),
('2024-06-22 01:57:54', '24.05'),
('2024-06-22 01:58:00', '24.04'),
('2024-06-22 01:58:05', '34.64'),
('2024-06-22 01:58:10', '34.64'),
('2024-06-22 01:58:16', '24.2'),
('2024-06-22 01:58:21', '36.28'),
('2024-06-22 01:58:26', '34.4'),
('2024-06-22 01:58:32', '34.63'),
('2024-06-22 01:58:37', '34.34'),
('2024-06-22 01:58:42', '24.14'),
('2024-06-22 01:58:48', '34.46'),
('2024-06-22 01:58:58', '23.99'),
('2024-06-22 01:59:04', '34.28'),
('2024-06-22 01:59:09', '34.32'),
('2024-06-22 01:59:14', '24.14'),
('2024-06-22 01:59:20', '34.7'),
('2024-06-22 01:59:25', '34.66'),
('2024-06-22 01:59:30', '34.55'),
('2024-06-22 01:59:36', '34.47'),
('2024-06-22 01:59:41', '24.08'),
('2024-06-22 01:59:46', '34.31'),
('2024-06-22 01:59:52', '34.51'),
('2024-06-22 01:59:57', '33.11'),
('2024-06-22 02:00:02', '34.75'),
('2024-06-22 02:00:08', '34.54'),
('2024-06-22 02:00:13', '34.18'),
('2024-06-22 02:00:18', '23.83'),
('2024-06-22 02:00:24', '34.51'),
('2024-06-22 02:00:29', '34.21'),
('2024-06-22 02:00:34', '24.1'),
('2024-06-22 02:00:40', '35.86'),
('2024-06-22 02:00:45', '34.51'),
('2024-06-22 02:00:56', '35.78'),
('2024-06-22 02:01:01', '34.12'),
('2024-06-22 02:01:06', '34.41'),
('2024-06-22 02:01:28', '34.42'),
('2024-06-22 02:01:33', '23.87'),
('2024-06-22 02:01:38', '34.57'),
('2024-06-22 02:01:44', '34.48'),
('2024-06-22 02:01:54', '34.22'),
('2024-06-22 02:02:05', '34.17'),
('2024-06-22 02:02:32', '23.92'),
('2024-06-22 02:02:37', '23.98'),
('2024-06-22 02:02:42', '35.65'),
('2024-06-22 02:02:48', '34.15'),
('2024-06-22 02:02:53', '23.99'),
('2024-06-22 02:02:58', '34.57'),
('2024-06-22 02:03:04', '35.77'),
('2024-06-22 02:03:09', '34.49'),
('2024-06-22 02:03:14', '35.91'),
('2024-06-22 02:03:20', '34.31'),
('2024-06-22 02:03:25', '34.1'),
('2024-06-22 02:03:30', '34.37'),
('2024-06-22 02:03:36', '24.03'),
('2024-06-22 02:03:41', '34.33'),
('2024-06-22 02:03:47', '35.84'),
('2024-06-22 02:03:57', '34.22'),
('2024-06-22 02:04:03', '34.27'),
('2024-06-22 02:04:08', '34.13'),
('2024-06-22 02:04:19', '34.48'),
('2024-06-22 02:04:24', '23.95'),
('2024-06-22 02:04:29', '19.62'),
('2024-06-22 02:04:45', '70.97'),
('2024-06-22 02:04:51', '71.03'),
('2024-06-22 02:04:56', '69.29');

-- --------------------------------------------------------

--
-- Struktur dari tabel `pju004modif`
--

CREATE TABLE `pju004modif` (
  `time` varchar(100) NOT NULL,
  `power` double(8,2) NOT NULL
) ENGINE=InnoDB DEFAULT CHARSET=utf8mb4 COLLATE=utf8mb4_unicode_ci;

--
-- Dumping data untuk tabel `pju004modif`
--

INSERT INTO `pju004modif` (`time`, `power`) VALUES
('2024-06-22 01:46:09', 34.17),
('2024-06-22 01:46:14', 34.40),
('2024-06-22 01:46:19', 24.00),
('2024-06-22 01:46:25', 25.38),
('2024-06-22 01:46:30', 35.82),
('2024-06-22 01:46:35', 34.11),
('2024-06-22 01:46:41', 34.06),
('2024-06-22 01:46:46', 34.11),
('2024-06-22 01:46:51', 35.54),
('2024-06-22 01:46:57', 34.17),
('2024-06-22 01:47:02', 35.78),
('2024-06-22 01:47:07', 23.93),
('2024-06-22 01:47:13', 34.07),
('2024-06-22 01:47:18', 35.74),
('2024-06-22 01:47:23', 34.34),
('2024-06-22 01:47:29', 35.88),
('2024-06-22 01:47:34', 35.90),
('2024-06-22 01:47:39', 34.55),
('2024-06-22 01:47:45', 35.65),
('2024-06-22 01:47:50', 25.60),
('2024-06-22 01:47:55', 35.83),
('2024-06-22 01:48:01', 23.84),
('2024-06-22 01:48:06', 24.06),
('2024-06-22 01:48:12', 34.20),
('2024-06-22 01:48:17', 34.32),
('2024-06-22 01:48:22', 35.69),
('2024-06-22 01:48:28', 34.11),
('2024-06-22 01:48:33', 35.87),
('2024-06-22 01:48:38', 35.76),
('2024-06-22 01:48:44', 35.80),
('2024-06-22 01:48:49', 36.07),
('2024-06-22 01:48:54', 23.90),
('2024-06-22 01:49:00', 24.29),
('2024-06-22 01:49:05', 34.43),
('2024-06-22 01:49:10', 34.80),
('2024-06-22 01:49:16', 34.57),
('2024-06-22 01:49:21', 34.37),
('2024-06-22 01:49:26', 25.79),
('2024-06-22 01:49:32', 34.66),
('2024-06-22 01:49:37', 34.24),
('2024-06-22 01:49:42', 36.21),
('2024-06-22 01:49:48', 35.83),
('2024-06-22 01:49:53', 34.51),
('2024-06-22 01:49:58', 34.56),
('2024-06-22 01:50:04', 35.94),
('2024-06-22 01:50:09', 34.78),
('2024-06-22 01:50:15', 34.24),
('2024-06-22 01:50:20', 35.89),
('2024-06-22 01:50:25', 34.77),
('2024-06-22 01:50:31', 34.63),
('2024-06-22 01:50:36', 34.52),
('2024-06-22 01:50:41', 34.66),
('2024-06-22 01:50:47', 24.33),
('2024-06-22 01:50:52', 34.39),
('2024-06-22 01:50:57', 34.68),
('2024-06-22 01:51:03', 24.20),
('2024-06-22 01:51:08', 34.64),
('2024-06-22 01:51:13', 34.64),
('2024-06-22 01:51:19', 34.41),
('2024-06-22 01:51:24', 34.79),
('2024-06-22 01:51:29', 34.68),
('2024-06-22 01:51:35', 34.41),
('2024-06-22 01:51:40', 34.49),
('2024-06-22 01:51:45', 34.57),
('2024-06-22 01:51:51', 34.43),
('2024-06-22 01:51:56', 34.71),
('2024-06-22 01:52:02', 34.65),
('2024-06-22 01:52:07', 34.51),
('2024-06-22 01:52:12', 36.29),
('2024-06-22 01:52:18', 22.60),
('2024-06-22 01:52:23', 24.06),
('2024-06-22 01:52:28', 24.06),
('2024-06-22 01:52:34', 34.35),
('2024-06-22 01:52:39', 36.08),
('2024-06-22 01:52:44', 34.60),
('2024-06-22 01:52:50', 24.27),
('2024-06-22 01:52:55', 34.54),
('2024-06-22 01:53:00', 34.36),
('2024-06-22 01:53:06', 36.01),
('2024-06-22 01:53:11', 34.53),
('2024-06-22 01:53:16', 34.67),
('2024-06-22 01:53:22', 36.07),
('2024-06-22 01:53:27', 34.68),
('2024-06-22 01:53:32', 34.63),
('2024-06-22 01:53:38', 34.75),
('2024-06-22 01:53:43', 25.70),
('2024-06-22 01:53:48', 24.05),
('2024-06-22 01:53:54', 34.70),
('2024-06-22 01:53:59', 34.75),
('2024-06-22 01:54:04', 34.75),
('2024-06-22 01:54:10', 34.81),
('2024-06-22 01:54:15', 34.57),
('2024-06-22 01:54:20', 34.83),
('2024-06-22 01:54:26', 24.37),
('2024-06-22 01:54:36', 34.68),
('2024-06-22 01:54:42', 24.26),
('2024-06-22 01:54:58', 34.62),
('2024-06-22 01:55:03', 24.14),
('2024-06-22 01:55:08', 34.74),
('2024-06-22 01:55:14', 34.47),
('2024-06-22 01:55:19', 34.49),
('2024-06-22 01:55:25', 36.19),
('2024-06-22 01:55:30', 34.59),
('2024-06-22 01:55:35', 24.08),
('2024-06-22 01:55:41', 24.14),
('2024-06-22 01:55:46', 35.89),
('2024-06-22 01:55:51', 34.57),
('2024-06-22 01:55:57', 24.20),
('2024-06-22 01:56:02', 36.01),
('2024-06-22 01:56:07', 34.68),
('2024-06-22 01:56:13', 35.86),
('2024-06-22 01:56:18', 34.45),
('2024-06-22 01:56:23', 35.96),
('2024-06-22 01:56:29', 24.22),
('2024-06-22 01:56:34', 36.16),
('2024-06-22 01:56:39', 34.65),
('2024-06-22 01:56:50', 34.71),
('2024-06-22 01:56:55', 34.30),
('2024-06-22 01:57:01', 34.32),
('2024-06-22 01:57:06', 34.61),
('2024-06-22 01:57:11', 35.77),
('2024-06-22 01:57:17', 24.26),
('2024-06-22 01:57:22', 25.54),
('2024-06-22 01:57:27', 24.30),
('2024-06-22 01:57:33', 24.28),
('2024-06-22 01:57:38', 34.61),
('2024-06-22 01:57:43', 34.54),
('2024-06-22 01:57:49', 34.55),
('2024-06-22 01:57:54', 24.05),
('2024-06-22 01:58:00', 24.04),
('2024-06-22 01:58:05', 34.64),
('2024-06-22 01:58:10', 34.64),
('2024-06-22 01:58:16', 24.20),
('2024-06-22 01:58:21', 36.28),
('2024-06-22 01:58:26', 34.40),
('2024-06-22 01:58:32', 34.63),
('2024-06-22 01:58:37', 34.34),
('2024-06-22 01:58:42', 24.14),
('2024-06-22 01:58:48', 34.46),
('2024-06-22 01:58:58', 23.99),
('2024-06-22 01:59:04', 34.28),
('2024-06-22 01:59:09', 34.32),
('2024-06-22 01:59:14', 24.14),
('2024-06-22 01:59:20', 34.70),
('2024-06-22 01:59:25', 34.66),
('2024-06-22 01:59:30', 34.55),
('2024-06-22 01:59:36', 34.47),
('2024-06-22 01:59:41', 24.08),
('2024-06-22 01:59:46', 34.31),
('2024-06-22 01:59:52', 34.51),
('2024-06-22 01:59:57', 33.11),
('2024-06-22 02:00:02', 34.75),
('2024-06-22 02:00:08', 34.54),
('2024-06-22 02:00:13', 34.18),
('2024-06-22 02:00:18', 23.83),
('2024-06-22 02:00:24', 34.51),
('2024-06-22 02:00:29', 34.21),
('2024-06-22 02:00:34', 24.10),
('2024-06-22 02:00:40', 35.86),
('2024-06-22 02:00:45', 34.51),
('2024-06-22 02:00:56', 35.78),
('2024-06-22 02:01:01', 34.12),
('2024-06-22 02:01:06', 34.41),
('2024-06-22 02:01:28', 34.42),
('2024-06-22 02:01:33', 23.87),
('2024-06-22 02:01:38', 34.57),
('2024-06-22 02:01:44', 34.48),
('2024-06-22 02:01:54', 34.22),
('2024-06-22 02:02:05', 34.17),
('2024-06-22 02:02:32', 23.92),
('2024-06-22 02:02:37', 23.98),
('2024-06-22 02:02:42', 35.65),
('2024-06-22 02:02:48', 34.15),
('2024-06-22 02:02:53', 23.99),
('2024-06-22 02:02:58', 34.57),
('2024-06-22 02:03:04', 35.77),
('2024-06-22 02:03:09', 34.49),
('2024-06-22 02:03:14', 35.91),
('2024-06-22 02:03:20', 34.31),
('2024-06-22 02:03:25', 34.10),
('2024-06-22 02:03:30', 34.37),
('2024-06-22 02:03:36', 24.03),
('2024-06-22 02:03:41', 34.33),
('2024-06-22 02:03:47', 35.84),
('2024-06-22 02:03:57', 34.22),
('2024-06-22 02:04:03', 34.27),
('2024-06-22 02:04:08', 34.13),
('2024-06-22 02:04:19', 34.48),
('2024-06-22 02:04:24', 23.95),
('2024-06-22 02:04:29', 19.62),
('2024-06-22 02:04:45', 70.97),
('2024-06-22 02:04:51', 71.03),
('2024-06-22 02:04:56', 69.29);

-- --------------------------------------------------------

--
-- Struktur dari tabel `pju005`
--

CREATE TABLE `pju005` (
  `time` varchar(100) NOT NULL,
  `data` varchar(100) NOT NULL
) ENGINE=InnoDB DEFAULT CHARSET=utf8mb4 COLLATE=utf8mb4_unicode_ci;

--
-- Dumping data untuk tabel `pju005`
--

INSERT INTO `pju005` (`time`, `data`) VALUES
('2024-06-22 02:13:29', '33.44'),
('2024-06-22 02:13:34', '35.06'),
('2024-06-22 02:13:40', '35.01'),
('2024-06-22 02:13:45', '24.35'),
('2024-06-22 02:13:50', '34.9'),
('2024-06-22 02:13:56', '24.55'),
('2024-06-22 02:14:01', '33.47'),
('2024-06-22 02:14:06', '24.34'),
('2024-06-22 02:14:12', '35.11'),
('2024-06-22 02:14:17', '34.87'),
('2024-06-22 02:14:23', '24.58'),
('2024-06-22 02:14:28', '34.88'),
('2024-06-22 02:14:33', '34.64'),
('2024-06-22 02:14:35', '35.06'),
('2024-06-22 02:14:39', '34.29'),
('2024-06-22 02:14:44', '34.53'),
('2024-06-22 02:14:49', '24.14'),
('2024-06-22 02:14:55', '23.96'),
('2024-06-22 02:15:00', '34.67'),
('2024-06-22 02:15:05', '34.35'),
('2024-06-22 02:15:07', '35.01'),
('2024-06-22 02:15:11', '24.15'),
('2024-06-22 02:15:16', '24.1'),
('2024-06-22 02:15:21', '34.42'),
('2024-06-22 02:15:27', '24.2'),
('2024-06-22 02:15:32', '24.07'),
('2024-06-22 02:15:37', '34.47'),
('2024-06-22 02:15:43', '32.74'),
('2024-06-22 02:15:48', '24.2'),
('2024-06-22 02:15:54', '24.15'),
('2024-06-22 02:15:59', '24.26'),
('2024-06-22 02:16:04', '24.25'),
('2024-06-22 02:16:10', '22.71'),
('2024-06-22 02:16:15', '24.27'),
('2024-06-22 02:16:20', '24.22'),
('2024-06-22 02:16:26', '24.25'),
('2024-06-22 02:16:31', '24.2'),
('2024-06-22 02:16:36', '24.16'),
('2024-06-22 02:16:42', '24.16'),
('2024-06-22 02:16:47', '33'),
('2024-06-22 02:16:52', '24.11'),
('2024-06-22 02:16:58', '24.1'),
('2024-06-22 02:17:03', '24.31'),
('2024-06-22 02:17:08', '35.06'),
('2024-06-22 02:17:14', '23'),
('2024-06-22 02:17:19', '24.28'),
('2024-06-22 02:17:25', '32.99'),
('2024-06-22 02:17:30', '34.4'),
('2024-06-22 02:17:35', '33.53'),
('2024-06-22 02:17:41', '23.07'),
('2024-06-22 02:17:46', '34.47'),
('2024-06-22 02:17:51', '24.21'),
('2024-06-22 02:17:57', '33.4'),
('2024-06-22 02:18:02', '35.25'),
('2024-06-22 02:18:07', '34.48'),
('2024-06-22 02:18:13', '33.23'),
('2024-06-22 02:18:18', '33.07'),
('2024-06-22 02:18:23', '22.9'),
('2024-06-22 02:18:29', '32.98'),
('2024-06-22 02:18:34', '33.24'),
('2024-06-22 02:18:39', '22.56'),
('2024-06-22 02:18:45', '33.45'),
('2024-06-22 02:18:50', '33.75'),
('2024-06-22 02:18:56', '33.01'),
('2024-06-22 02:19:01', '34.41'),
('2024-06-22 02:19:06', '33.52'),
('2024-06-22 02:19:12', '22.81'),
('2024-06-22 02:19:17', '34.45'),
('2024-06-22 02:19:22', '24.1'),
('2024-06-22 02:19:28', '34.58'),
('2024-06-22 02:19:33', '33.06'),
('2024-06-22 02:19:38', '34.5'),
('2024-06-22 02:19:44', '34.44'),
('2024-06-22 02:19:49', '24.27'),
('2024-06-22 02:19:54', '33.18'),
('2024-06-22 02:20:00', '34.63'),
('2024-06-22 02:20:05', '23.99'),
('2024-06-22 02:20:10', '34.73'),
('2024-06-22 02:20:16', '33.26'),
('2024-06-22 02:20:21', '34.92'),
('2024-06-22 02:20:27', '34.55'),
('2024-06-22 02:20:32', '33.1'),
('2024-06-22 02:20:37', '22.82'),
('2024-06-22 02:20:43', '22.9'),
('2024-06-22 02:20:48', '34.52'),
('2024-06-22 02:20:53', '22.57'),
('2024-06-22 02:20:59', '33.28'),
('2024-06-22 02:21:04', '24.12'),
('2024-06-22 02:21:09', '34.53'),
('2024-06-22 02:21:15', '33.53'),
('2024-06-22 02:21:20', '22.72'),
('2024-06-22 02:21:25', '24.24'),
('2024-06-22 02:21:31', '34.39'),
('2024-06-22 02:21:36', '33.34'),
('2024-06-22 02:21:41', '35.08'),
('2024-06-22 02:21:47', '32.78'),
('2024-06-22 02:21:52', '22.52'),
('2024-06-22 02:21:58', '22.87'),
('2024-06-22 02:22:03', '22.8'),
('2024-06-22 02:22:08', '24.19'),
('2024-06-22 02:22:14', '24.28'),
('2024-06-22 02:22:19', '35.1'),
('2024-06-22 02:22:24', '33.45'),
('2024-06-22 02:22:30', '35.12'),
('2024-06-22 02:22:35', '34.65'),
('2024-06-22 02:22:40', '24.28'),
('2024-06-22 02:22:46', '23.11'),
('2024-06-22 02:22:51', '33.74'),
('2024-06-22 02:22:56', '34.79'),
('2024-06-22 02:23:02', '22.63'),
('2024-06-22 02:23:07', '24.67'),
('2024-06-22 02:23:12', '24.64'),
('2024-06-22 02:23:18', '33.22'),
('2024-06-22 02:23:23', '34.81'),
('2024-06-22 02:23:29', '33.93'),
('2024-06-22 02:23:34', '23.06'),
('2024-06-22 02:23:39', '33.23'),
('2024-06-22 02:23:45', '33.32'),
('2024-06-22 02:23:50', '33.48'),
('2024-06-22 02:23:55', '24.65'),
('2024-06-22 02:24:01', '24.76'),
('2024-06-22 02:24:06', '22.81'),
('2024-06-22 02:24:11', '23.07'),
('2024-06-22 02:24:17', '22.95'),
('2024-06-22 02:24:22', '35.24'),
('2024-06-22 02:24:27', '22.64'),
('2024-06-22 02:24:33', '23.13'),
('2024-06-22 02:24:38', '23'),
('2024-06-22 02:24:43', '33.51'),
('2024-06-22 02:24:49', '22.94'),
('2024-06-22 02:24:54', '33.52'),
('2024-06-22 02:25:00', '24.53'),
('2024-06-22 02:25:05', '24.53'),
('2024-06-22 02:25:10', '33.81'),
('2024-06-22 02:25:16', '33.7'),
('2024-06-22 02:25:21', '33.58'),
('2024-06-22 02:25:26', '33.52'),
('2024-06-22 02:25:32', '24.52'),
('2024-06-22 02:25:37', '24.57'),
('2024-06-22 02:25:42', '35.03'),
('2024-06-22 02:25:48', '22.8'),
('2024-06-22 02:25:53', '33.51'),
('2024-06-22 02:25:58', '33.63'),
('2024-06-22 02:26:04', '22.93'),
('2024-06-22 02:26:09', '22.77'),
('2024-06-22 02:26:14', '22.9'),
('2024-06-22 02:26:20', '24.62'),
('2024-06-22 02:26:25', '22.84'),
('2024-06-22 02:26:31', '35.03'),
('2024-06-22 02:26:36', '22.97'),
('2024-06-22 02:26:41', '22.82'),
('2024-06-22 02:26:47', '24.38'),
('2024-06-22 02:26:52', '22.88'),
('2024-06-22 02:26:57', '22.97'),
('2024-06-22 02:27:03', '24.38'),
('2024-06-22 02:27:08', '33.41'),
('2024-06-22 02:27:13', '22.79'),
('2024-06-22 02:27:19', '23'),
('2024-06-22 02:27:24', '22.78'),
('2024-06-22 02:27:29', '22.98'),
('2024-06-22 02:27:35', '33.34'),
('2024-06-22 02:27:40', '33.41'),
('2024-06-22 02:27:46', '33.61'),
('2024-06-22 02:27:51', '22.73'),
('2024-06-22 02:27:56', '33.4'),
('2024-06-22 02:28:02', '22.87'),
('2024-06-22 02:28:07', '33.47'),
('2024-06-22 02:28:12', '33.61'),
('2024-06-22 02:28:18', '22.77'),
('2024-06-22 02:28:23', '22.88'),
('2024-06-22 02:28:28', '22.99'),
('2024-06-22 02:28:34', '22.76'),
('2024-06-22 02:28:39', '22.88'),
('2024-06-22 02:28:44', '22.99'),
('2024-06-22 02:28:50', '33.28'),
('2024-06-22 02:28:55', '22.82'),
('2024-06-22 02:29:00', '22.89'),
('2024-06-22 02:29:06', '35.01'),
('2024-06-22 02:29:11', '22.86'),
('2024-06-22 02:29:16', '24.4'),
('2024-06-22 02:29:22', '33.48'),
('2024-06-22 02:29:27', '22.88'),
('2024-06-22 02:29:32', '24.39'),
('2024-06-22 02:29:38', '22.86'),
('2024-06-22 02:29:43', '33.44'),
('2024-06-22 02:29:49', '22.95'),
('2024-06-22 02:29:54', '23.05'),
('2024-06-22 02:29:59', '23'),
('2024-06-22 02:30:05', '24.4'),
('2024-06-22 02:30:10', '33.22'),
('2024-06-22 02:30:15', '33.41'),
('2024-06-22 02:30:21', '22.84'),
('2024-06-22 02:30:26', '34.84'),
('2024-06-22 02:30:31', '33.48'),
('2024-06-22 02:30:37', '33.51'),
('2024-06-22 02:30:42', '33.49'),
('2024-06-22 02:30:47', '33.51'),
('2024-06-22 02:30:53', '22.8'),
('2024-06-22 02:30:58', '33.24'),
('2024-06-22 02:31:03', '33.23'),
('2024-06-22 02:31:09', '33.4'),
('2024-06-22 02:31:14', '22.86'),
('2024-06-22 02:31:20', '22.81'),
('2024-06-22 02:31:25', '22.84'),
('2024-06-22 02:31:30', '0.65'),
('2024-06-22 02:33:56', '33.88'),
('2024-06-22 02:34:02', '33.7'),
('2024-06-22 02:34:10', '23.73'),
('2024-06-22 02:34:15', '23.79'),
('2024-06-22 02:34:21', '33.7'),
('2024-06-22 02:34:26', '56.28'),
('2024-06-22 02:34:31', '34.05'),
('2024-06-22 02:34:37', '33.75'),
('2024-06-22 02:34:42', '34.11'),
('2024-06-22 02:34:48', '24.04'),
('2024-06-22 02:34:53', '34.22'),
('2024-06-22 02:35:09', '32.56');

-- --------------------------------------------------------

--
-- Struktur dari tabel `pju005modif`
--

CREATE TABLE `pju005modif` (
  `time` varchar(100) NOT NULL,
  `power` double(8,2) NOT NULL
) ENGINE=InnoDB DEFAULT CHARSET=utf8mb4 COLLATE=utf8mb4_unicode_ci;

--
-- Dumping data untuk tabel `pju005modif`
--

INSERT INTO `pju005modif` (`time`, `power`) VALUES
('2024-06-22 02:13:29', 33.44),
('2024-06-22 02:13:34', 35.06),
('2024-06-22 02:13:40', 35.01),
('2024-06-22 02:13:45', 24.35),
('2024-06-22 02:13:50', 34.90),
('2024-06-22 02:13:56', 24.55),
('2024-06-22 02:14:01', 33.47),
('2024-06-22 02:14:06', 24.34),
('2024-06-22 02:14:12', 35.11),
('2024-06-22 02:14:17', 34.87),
('2024-06-22 02:14:23', 24.58),
('2024-06-22 02:14:28', 34.88),
('2024-06-22 02:14:33', 34.64),
('2024-06-22 02:14:35', 35.06),
('2024-06-22 02:14:39', 34.29),
('2024-06-22 02:14:44', 34.53),
('2024-06-22 02:14:49', 24.14),
('2024-06-22 02:14:55', 23.96),
('2024-06-22 02:15:00', 34.67),
('2024-06-22 02:15:05', 34.35),
('2024-06-22 02:15:07', 35.01),
('2024-06-22 02:15:11', 24.15),
('2024-06-22 02:15:16', 24.10),
('2024-06-22 02:15:21', 34.42),
('2024-06-22 02:15:27', 24.20),
('2024-06-22 02:15:32', 24.07),
('2024-06-22 02:15:37', 34.47),
('2024-06-22 02:15:43', 32.74),
('2024-06-22 02:15:48', 24.20),
('2024-06-22 02:15:54', 24.15),
('2024-06-22 02:15:59', 24.26),
('2024-06-22 02:16:04', 24.25),
('2024-06-22 02:16:10', 22.71),
('2024-06-22 02:16:15', 24.27),
('2024-06-22 02:16:20', 24.22),
('2024-06-22 02:16:26', 24.25),
('2024-06-22 02:16:31', 24.20),
('2024-06-22 02:16:36', 24.16),
('2024-06-22 02:16:42', 24.16),
('2024-06-22 02:16:47', 33.00),
('2024-06-22 02:16:52', 24.11),
('2024-06-22 02:16:58', 24.10),
('2024-06-22 02:17:03', 24.31),
('2024-06-22 02:17:08', 35.06),
('2024-06-22 02:17:14', 23.00),
('2024-06-22 02:17:19', 24.28),
('2024-06-22 02:17:25', 32.99),
('2024-06-22 02:17:30', 34.40),
('2024-06-22 02:17:35', 33.53),
('2024-06-22 02:17:41', 23.07),
('2024-06-22 02:17:46', 34.47),
('2024-06-22 02:17:51', 24.21),
('2024-06-22 02:17:57', 33.40),
('2024-06-22 02:18:02', 35.25),
('2024-06-22 02:18:07', 34.48),
('2024-06-22 02:18:13', 33.23),
('2024-06-22 02:18:18', 33.07),
('2024-06-22 02:18:23', 22.90),
('2024-06-22 02:18:29', 32.98),
('2024-06-22 02:18:34', 33.24),
('2024-06-22 02:18:39', 22.56),
('2024-06-22 02:18:45', 33.45),
('2024-06-22 02:18:50', 33.75),
('2024-06-22 02:18:56', 33.01),
('2024-06-22 02:19:01', 34.41),
('2024-06-22 02:19:06', 33.52),
('2024-06-22 02:19:12', 22.81),
('2024-06-22 02:19:17', 34.45),
('2024-06-22 02:19:22', 24.10),
('2024-06-22 02:19:28', 34.58),
('2024-06-22 02:19:33', 33.06),
('2024-06-22 02:19:38', 34.50),
('2024-06-22 02:19:44', 34.44),
('2024-06-22 02:19:49', 24.27),
('2024-06-22 02:19:54', 33.18),
('2024-06-22 02:20:00', 34.63),
('2024-06-22 02:20:05', 23.99),
('2024-06-22 02:20:10', 34.73),
('2024-06-22 02:20:16', 33.26),
('2024-06-22 02:20:21', 34.92),
('2024-06-22 02:20:27', 34.55),
('2024-06-22 02:20:32', 33.10),
('2024-06-22 02:20:37', 22.82),
('2024-06-22 02:20:43', 22.90),
('2024-06-22 02:20:48', 34.52),
('2024-06-22 02:20:53', 22.57),
('2024-06-22 02:20:59', 33.28),
('2024-06-22 02:21:04', 24.12),
('2024-06-22 02:21:09', 34.53),
('2024-06-22 02:21:15', 33.53),
('2024-06-22 02:21:20', 22.72),
('2024-06-22 02:21:25', 24.24),
('2024-06-22 02:21:31', 34.39),
('2024-06-22 02:21:36', 33.34),
('2024-06-22 02:21:41', 35.08),
('2024-06-22 02:21:47', 32.78),
('2024-06-22 02:21:52', 22.52),
('2024-06-22 02:21:58', 22.87),
('2024-06-22 02:22:03', 22.80),
('2024-06-22 02:22:08', 24.19),
('2024-06-22 02:22:14', 24.28),
('2024-06-22 02:22:19', 35.10),
('2024-06-22 02:22:24', 33.45),
('2024-06-22 02:22:30', 35.12),
('2024-06-22 02:22:35', 34.65),
('2024-06-22 02:22:40', 24.28),
('2024-06-22 02:22:46', 23.11),
('2024-06-22 02:22:51', 33.74),
('2024-06-22 02:22:56', 34.79),
('2024-06-22 02:23:02', 22.63),
('2024-06-22 02:23:07', 24.67),
('2024-06-22 02:23:12', 24.64),
('2024-06-22 02:23:18', 33.22),
('2024-06-22 02:23:23', 34.81),
('2024-06-22 02:23:29', 33.93),
('2024-06-22 02:23:34', 23.06),
('2024-06-22 02:23:39', 33.23),
('2024-06-22 02:23:45', 33.32),
('2024-06-22 02:23:50', 33.48),
('2024-06-22 02:23:55', 24.65),
('2024-06-22 02:24:01', 24.76),
('2024-06-22 02:24:06', 22.81),
('2024-06-22 02:24:11', 23.07),
('2024-06-22 02:24:17', 22.95),
('2024-06-22 02:24:22', 35.24),
('2024-06-22 02:24:27', 22.64),
('2024-06-22 02:24:33', 23.13),
('2024-06-22 02:24:38', 23.00),
('2024-06-22 02:24:43', 33.51),
('2024-06-22 02:24:49', 22.94),
('2024-06-22 02:24:54', 33.52),
('2024-06-22 02:25:00', 24.53),
('2024-06-22 02:25:05', 24.53),
('2024-06-22 02:25:10', 33.81),
('2024-06-22 02:25:16', 33.70),
('2024-06-22 02:25:21', 33.58),
('2024-06-22 02:25:26', 33.52),
('2024-06-22 02:25:32', 24.52),
('2024-06-22 02:25:37', 24.57),
('2024-06-22 02:25:42', 35.03),
('2024-06-22 02:25:48', 22.80),
('2024-06-22 02:25:53', 33.51),
('2024-06-22 02:25:58', 33.63),
('2024-06-22 02:26:04', 22.93),
('2024-06-22 02:26:09', 22.77),
('2024-06-22 02:26:14', 22.90),
('2024-06-22 02:26:20', 24.62),
('2024-06-22 02:26:25', 22.84),
('2024-06-22 02:26:31', 35.03),
('2024-06-22 02:26:36', 22.97),
('2024-06-22 02:26:41', 22.82),
('2024-06-22 02:26:47', 24.38),
('2024-06-22 02:26:52', 22.88),
('2024-06-22 02:26:57', 22.97),
('2024-06-22 02:27:03', 24.38),
('2024-06-22 02:27:08', 33.41),
('2024-06-22 02:27:13', 22.79),
('2024-06-22 02:27:19', 23.00),
('2024-06-22 02:27:24', 22.78),
('2024-06-22 02:27:29', 22.98),
('2024-06-22 02:27:35', 33.34),
('2024-06-22 02:27:40', 33.41),
('2024-06-22 02:27:46', 33.61),
('2024-06-22 02:27:51', 22.73),
('2024-06-22 02:27:56', 33.40),
('2024-06-22 02:28:02', 22.87),
('2024-06-22 02:28:07', 33.47),
('2024-06-22 02:28:12', 33.61),
('2024-06-22 02:28:18', 22.77),
('2024-06-22 02:28:23', 22.88),
('2024-06-22 02:28:28', 22.99),
('2024-06-22 02:28:34', 22.76),
('2024-06-22 02:28:39', 22.88),
('2024-06-22 02:28:44', 22.99),
('2024-06-22 02:28:50', 33.28),
('2024-06-22 02:28:55', 22.82),
('2024-06-22 02:29:00', 22.89),
('2024-06-22 02:29:06', 35.01),
('2024-06-22 02:29:11', 22.86),
('2024-06-22 02:29:16', 24.40),
('2024-06-22 02:29:22', 33.48),
('2024-06-22 02:29:27', 22.88),
('2024-06-22 02:29:32', 24.39),
('2024-06-22 02:29:38', 22.86),
('2024-06-22 02:29:43', 33.44),
('2024-06-22 02:29:49', 22.95),
('2024-06-22 02:29:54', 23.05),
('2024-06-22 02:29:59', 23.00),
('2024-06-22 02:30:05', 24.40),
('2024-06-22 02:30:10', 33.22),
('2024-06-22 02:30:15', 33.41),
('2024-06-22 02:30:21', 22.84),
('2024-06-22 02:30:26', 34.84),
('2024-06-22 02:30:31', 33.48),
('2024-06-22 02:30:37', 33.51),
('2024-06-22 02:30:42', 33.49),
('2024-06-22 02:30:47', 33.51),
('2024-06-22 02:30:53', 22.80),
('2024-06-22 02:30:58', 33.24),
('2024-06-22 02:31:03', 33.23),
('2024-06-22 02:31:09', 33.40),
('2024-06-22 02:31:14', 22.86),
('2024-06-22 02:31:20', 22.81),
('2024-06-22 02:31:25', 22.84),
('2024-06-22 02:31:30', 0.65),
('2024-06-22 02:33:56', 33.88),
('2024-06-22 02:34:02', 33.70),
('2024-06-22 02:34:10', 23.73),
('2024-06-22 02:34:15', 23.79),
('2024-06-22 02:34:21', 33.70),
('2024-06-22 02:34:26', 56.28),
('2024-06-22 02:34:31', 34.05),
('2024-06-22 02:34:37', 33.75),
('2024-06-22 02:34:42', 34.11),
('2024-06-22 02:34:48', 24.04),
('2024-06-22 02:34:53', 34.22),
('2024-06-22 02:35:09', 32.56);

-- --------------------------------------------------------

--
-- Struktur dari tabel `pju006`
--

CREATE TABLE `pju006` (
  `time` varchar(100) NOT NULL,
  `data` varchar(100) NOT NULL
) ENGINE=InnoDB DEFAULT CHARSET=utf8mb4 COLLATE=utf8mb4_unicode_ci;

--
-- Dumping data untuk tabel `pju006`
--

INSERT INTO `pju006` (`time`, `data`) VALUES
('2024-06-22 01:46:09', '34.17'),
('2024-06-22 01:46:14', '34.4'),
('2024-06-22 01:46:19', '24'),
('2024-06-22 01:46:25', '25.38'),
('2024-06-22 01:46:30', '35.82'),
('2024-06-22 01:46:35', '34.11'),
('2024-06-22 01:46:41', '34.06'),
('2024-06-22 01:46:46', '34.11'),
('2024-06-22 01:46:51', '35.54'),
('2024-06-22 01:46:57', '34.17'),
('2024-06-22 01:47:02', '35.78'),
('2024-06-22 01:47:07', '23.93'),
('2024-06-22 01:47:13', '34.07'),
('2024-06-22 01:47:18', '35.74'),
('2024-06-22 01:47:23', '34.34'),
('2024-06-22 01:47:29', '35.88'),
('2024-06-22 01:47:34', '35.9'),
('2024-06-22 01:47:39', '34.55'),
('2024-06-22 01:47:45', '35.65'),
('2024-06-22 01:47:50', '25.6'),
('2024-06-22 01:47:55', '35.83'),
('2024-06-22 01:48:01', '23.84'),
('2024-06-22 01:48:06', '24.06'),
('2024-06-22 01:48:12', '34.2'),
('2024-06-22 01:48:17', '34.32'),
('2024-06-22 01:48:22', '35.69'),
('2024-06-22 01:48:28', '34.11'),
('2024-06-22 01:48:33', '35.87'),
('2024-06-22 01:48:38', '35.76'),
('2024-06-22 01:48:44', '35.8'),
('2024-06-22 01:48:49', '36.07'),
('2024-06-22 01:48:54', '23.9'),
('2024-06-22 01:49:00', '24.29'),
('2024-06-22 01:49:05', '34.43'),
('2024-06-22 01:49:10', '34.8'),
('2024-06-22 01:49:16', '34.57'),
('2024-06-22 01:49:21', '34.37'),
('2024-06-22 01:49:26', '25.79'),
('2024-06-22 01:49:32', '34.66'),
('2024-06-22 01:49:37', '34.24'),
('2024-06-22 01:49:42', '36.21'),
('2024-06-22 01:49:48', '35.83'),
('2024-06-22 01:49:53', '34.51'),
('2024-06-22 01:49:58', '34.56'),
('2024-06-22 01:50:04', '35.94'),
('2024-06-22 01:50:09', '34.78'),
('2024-06-22 01:50:15', '34.24'),
('2024-06-22 01:50:20', '35.89'),
('2024-06-22 01:50:25', '34.77'),
('2024-06-22 01:50:31', '34.63'),
('2024-06-22 01:50:36', '34.52'),
('2024-06-22 01:50:41', '34.66'),
('2024-06-22 01:50:47', '24.33'),
('2024-06-22 01:50:52', '34.39'),
('2024-06-22 01:50:57', '34.68'),
('2024-06-22 01:51:03', '24.2'),
('2024-06-22 01:51:08', '34.64'),
('2024-06-22 01:51:13', '34.64'),
('2024-06-22 01:51:19', '34.41'),
('2024-06-22 01:51:24', '34.79'),
('2024-06-22 01:51:29', '34.68'),
('2024-06-22 01:51:35', '34.41'),
('2024-06-22 01:51:40', '34.49'),
('2024-06-22 01:51:45', '34.57'),
('2024-06-22 01:51:51', '34.43'),
('2024-06-22 01:51:56', '34.71'),
('2024-06-22 01:52:02', '34.65'),
('2024-06-22 01:52:07', '34.51'),
('2024-06-22 01:52:12', '36.29'),
('2024-06-22 01:52:18', '22.6'),
('2024-06-22 01:52:23', '24.06'),
('2024-06-22 01:52:28', '24.06'),
('2024-06-22 01:52:34', '34.35'),
('2024-06-22 01:52:39', '36.08'),
('2024-06-22 01:52:44', '34.6'),
('2024-06-22 01:52:50', '24.27'),
('2024-06-22 01:52:55', '34.54'),
('2024-06-22 01:53:00', '34.36'),
('2024-06-22 01:53:06', '36.01'),
('2024-06-22 01:53:11', '34.53'),
('2024-06-22 01:53:16', '34.67'),
('2024-06-22 01:53:22', '36.07'),
('2024-06-22 01:53:27', '34.68'),
('2024-06-22 01:53:32', '34.63'),
('2024-06-22 01:53:38', '34.75'),
('2024-06-22 01:53:43', '25.7'),
('2024-06-22 01:53:48', '24.05'),
('2024-06-22 01:53:54', '34.7'),
('2024-06-22 01:53:59', '34.75'),
('2024-06-22 01:54:04', '34.75'),
('2024-06-22 01:54:10', '34.81'),
('2024-06-22 01:54:15', '34.57'),
('2024-06-22 01:54:20', '34.83'),
('2024-06-22 01:54:26', '24.37'),
('2024-06-22 01:54:36', '34.68'),
('2024-06-22 01:54:42', '24.26'),
('2024-06-22 01:54:58', '34.62'),
('2024-06-22 01:55:03', '24.14'),
('2024-06-22 01:55:08', '34.74'),
('2024-06-22 01:55:14', '34.47'),
('2024-06-22 01:55:19', '34.49'),
('2024-06-22 01:55:25', '36.19'),
('2024-06-22 01:55:30', '34.59'),
('2024-06-22 01:55:35', '24.08'),
('2024-06-22 01:55:41', '24.14'),
('2024-06-22 01:55:46', '35.89'),
('2024-06-22 01:55:51', '34.57'),
('2024-06-22 01:55:57', '24.2'),
('2024-06-22 01:56:02', '36.01'),
('2024-06-22 01:56:07', '34.68'),
('2024-06-22 01:56:13', '35.86'),
('2024-06-22 01:56:18', '34.45'),
('2024-06-22 01:56:23', '35.96'),
('2024-06-22 01:56:29', '24.22'),
('2024-06-22 01:56:34', '36.16'),
('2024-06-22 01:56:39', '34.65'),
('2024-06-22 01:56:50', '34.71'),
('2024-06-22 01:56:55', '34.3'),
('2024-06-22 01:57:01', '34.32'),
('2024-06-22 01:57:06', '34.61'),
('2024-06-22 01:57:11', '35.77'),
('2024-06-22 01:57:17', '24.26'),
('2024-06-22 01:57:22', '25.54'),
('2024-06-22 01:57:27', '24.3'),
('2024-06-22 01:57:33', '24.28'),
('2024-06-22 01:57:38', '34.61'),
('2024-06-22 01:57:43', '34.54'),
('2024-06-22 01:57:49', '34.55'),
('2024-06-22 01:57:54', '24.05'),
('2024-06-22 01:58:00', '24.04'),
('2024-06-22 01:58:05', '34.64'),
('2024-06-22 01:58:10', '34.64'),
('2024-06-22 01:58:16', '24.2'),
('2024-06-22 01:58:21', '36.28'),
('2024-06-22 01:58:26', '34.4'),
('2024-06-22 01:58:32', '34.63'),
('2024-06-22 01:58:37', '34.34'),
('2024-06-22 01:58:42', '24.14'),
('2024-06-22 01:58:48', '34.46'),
('2024-06-22 01:58:58', '23.99'),
('2024-06-22 01:59:04', '34.28'),
('2024-06-22 01:59:09', '34.32'),
('2024-06-22 01:59:14', '24.14'),
('2024-06-22 01:59:20', '34.7'),
('2024-06-22 01:59:25', '34.66'),
('2024-06-22 01:59:30', '34.55'),
('2024-06-22 01:59:36', '34.47'),
('2024-06-22 01:59:41', '24.08'),
('2024-06-22 01:59:46', '34.31'),
('2024-06-22 01:59:52', '34.51'),
('2024-06-22 01:59:57', '33.11'),
('2024-06-22 02:00:02', '34.75'),
('2024-06-22 02:00:08', '34.54'),
('2024-06-22 02:00:13', '34.18'),
('2024-06-22 02:00:18', '23.83'),
('2024-06-22 02:00:24', '34.51'),
('2024-06-22 02:00:29', '34.21'),
('2024-06-22 02:00:34', '24.1'),
('2024-06-22 02:00:40', '35.86'),
('2024-06-22 02:00:45', '34.51'),
('2024-06-22 02:00:56', '35.78'),
('2024-06-22 02:01:01', '34.12'),
('2024-06-22 02:01:06', '34.41'),
('2024-06-22 02:01:28', '34.42'),
('2024-06-22 02:01:33', '23.87'),
('2024-06-22 02:01:38', '34.57'),
('2024-06-22 02:01:44', '34.48'),
('2024-06-22 02:01:54', '34.22'),
('2024-06-22 02:02:05', '34.17'),
('2024-06-22 02:02:32', '23.92'),
('2024-06-22 02:02:37', '23.98'),
('2024-06-22 02:02:42', '35.65'),
('2024-06-22 02:02:48', '34.15'),
('2024-06-22 02:02:53', '23.99'),
('2024-06-22 02:02:58', '34.57'),
('2024-06-22 02:03:04', '35.77'),
('2024-06-22 02:03:09', '34.49'),
('2024-06-22 02:03:14', '35.91'),
('2024-06-22 02:03:20', '34.31'),
('2024-06-22 02:03:25', '34.1'),
('2024-06-22 02:03:30', '34.37'),
('2024-06-22 02:03:36', '24.03'),
('2024-06-22 02:03:41', '34.33'),
('2024-06-22 02:03:47', '35.84'),
('2024-06-22 02:03:57', '34.22'),
('2024-06-22 02:04:03', '34.27'),
('2024-06-22 02:04:08', '34.13'),
('2024-06-22 02:04:19', '34.48'),
('2024-06-22 02:04:24', '23.95'),
('2024-06-22 02:04:29', '19.62'),
('2024-06-22 02:04:45', '70.97'),
('2024-06-22 02:04:51', '71.03'),
('2024-06-22 02:04:56', '69.29');

-- --------------------------------------------------------

--
-- Struktur dari tabel `pju006modif`
--

CREATE TABLE `pju006modif` (
  `time` varchar(100) NOT NULL,
  `power` double(8,2) NOT NULL
) ENGINE=InnoDB DEFAULT CHARSET=utf8mb4 COLLATE=utf8mb4_unicode_ci;

--
-- Dumping data untuk tabel `pju006modif`
--

INSERT INTO `pju006modif` (`time`, `power`) VALUES
('2024-06-22 01:46:09', 34.17),
('2024-06-22 01:46:14', 34.40),
('2024-06-22 01:46:19', 24.00),
('2024-06-22 01:46:25', 25.38),
('2024-06-22 01:46:30', 35.82),
('2024-06-22 01:46:35', 34.11),
('2024-06-22 01:46:41', 34.06),
('2024-06-22 01:46:46', 34.11),
('2024-06-22 01:46:51', 35.54),
('2024-06-22 01:46:57', 34.17),
('2024-06-22 01:47:02', 35.78),
('2024-06-22 01:47:07', 23.93),
('2024-06-22 01:47:13', 34.07),
('2024-06-22 01:47:18', 35.74),
('2024-06-22 01:47:23', 34.34),
('2024-06-22 01:47:29', 35.88),
('2024-06-22 01:47:34', 35.90),
('2024-06-22 01:47:39', 34.55),
('2024-06-22 01:47:45', 35.65),
('2024-06-22 01:47:50', 25.60),
('2024-06-22 01:47:55', 35.83),
('2024-06-22 01:48:01', 23.84),
('2024-06-22 01:48:06', 24.06),
('2024-06-22 01:48:12', 34.20),
('2024-06-22 01:48:17', 34.32),
('2024-06-22 01:48:22', 35.69),
('2024-06-22 01:48:28', 34.11),
('2024-06-22 01:48:33', 35.87),
('2024-06-22 01:48:38', 35.76),
('2024-06-22 01:48:44', 35.80),
('2024-06-22 01:48:49', 36.07),
('2024-06-22 01:48:54', 23.90),
('2024-06-22 01:49:00', 24.29),
('2024-06-22 01:49:05', 34.43),
('2024-06-22 01:49:10', 34.80),
('2024-06-22 01:49:16', 34.57),
('2024-06-22 01:49:21', 34.37),
('2024-06-22 01:49:26', 25.79),
('2024-06-22 01:49:32', 34.66),
('2024-06-22 01:49:37', 34.24),
('2024-06-22 01:49:42', 36.21),
('2024-06-22 01:49:48', 35.83),
('2024-06-22 01:49:53', 34.51),
('2024-06-22 01:49:58', 34.56),
('2024-06-22 01:50:04', 35.94),
('2024-06-22 01:50:09', 34.78),
('2024-06-22 01:50:15', 34.24),
('2024-06-22 01:50:20', 35.89),
('2024-06-22 01:50:25', 34.77),
('2024-06-22 01:50:31', 34.63),
('2024-06-22 01:50:36', 34.52),
('2024-06-22 01:50:41', 34.66),
('2024-06-22 01:50:47', 24.33),
('2024-06-22 01:50:52', 34.39),
('2024-06-22 01:50:57', 34.68),
('2024-06-22 01:51:03', 24.20),
('2024-06-22 01:51:08', 34.64),
('2024-06-22 01:51:13', 34.64),
('2024-06-22 01:51:19', 34.41),
('2024-06-22 01:51:24', 34.79),
('2024-06-22 01:51:29', 34.68),
('2024-06-22 01:51:35', 34.41),
('2024-06-22 01:51:40', 34.49),
('2024-06-22 01:51:45', 34.57),
('2024-06-22 01:51:51', 34.43),
('2024-06-22 01:51:56', 34.71),
('2024-06-22 01:52:02', 34.65),
('2024-06-22 01:52:07', 34.51),
('2024-06-22 01:52:12', 36.29),
('2024-06-22 01:52:18', 22.60),
('2024-06-22 01:52:23', 24.06),
('2024-06-22 01:52:28', 24.06),
('2024-06-22 01:52:34', 34.35),
('2024-06-22 01:52:39', 36.08),
('2024-06-22 01:52:44', 34.60),
('2024-06-22 01:52:50', 24.27),
('2024-06-22 01:52:55', 34.54),
('2024-06-22 01:53:00', 34.36),
('2024-06-22 01:53:06', 36.01),
('2024-06-22 01:53:11', 34.53),
('2024-06-22 01:53:16', 34.67),
('2024-06-22 01:53:22', 36.07),
('2024-06-22 01:53:27', 34.68),
('2024-06-22 01:53:32', 34.63),
('2024-06-22 01:53:38', 34.75),
('2024-06-22 01:53:43', 25.70),
('2024-06-22 01:53:48', 24.05),
('2024-06-22 01:53:54', 34.70),
('2024-06-22 01:53:59', 34.75),
('2024-06-22 01:54:04', 34.75),
('2024-06-22 01:54:10', 34.81),
('2024-06-22 01:54:15', 34.57),
('2024-06-22 01:54:20', 34.83),
('2024-06-22 01:54:26', 24.37),
('2024-06-22 01:54:36', 34.68),
('2024-06-22 01:54:42', 24.26),
('2024-06-22 01:54:58', 34.62),
('2024-06-22 01:55:03', 24.14),
('2024-06-22 01:55:08', 34.74),
('2024-06-22 01:55:14', 34.47),
('2024-06-22 01:55:19', 34.49),
('2024-06-22 01:55:25', 36.19),
('2024-06-22 01:55:30', 34.59),
('2024-06-22 01:55:35', 24.08),
('2024-06-22 01:55:41', 24.14),
('2024-06-22 01:55:46', 35.89),
('2024-06-22 01:55:51', 34.57),
('2024-06-22 01:55:57', 24.20),
('2024-06-22 01:56:02', 36.01),
('2024-06-22 01:56:07', 34.68),
('2024-06-22 01:56:13', 35.86),
('2024-06-22 01:56:18', 34.45),
('2024-06-22 01:56:23', 35.96),
('2024-06-22 01:56:29', 24.22),
('2024-06-22 01:56:34', 36.16),
('2024-06-22 01:56:39', 34.65),
('2024-06-22 01:56:50', 34.71),
('2024-06-22 01:56:55', 34.30),
('2024-06-22 01:57:01', 34.32),
('2024-06-22 01:57:06', 34.61),
('2024-06-22 01:57:11', 35.77),
('2024-06-22 01:57:17', 24.26),
('2024-06-22 01:57:22', 25.54),
('2024-06-22 01:57:27', 24.30),
('2024-06-22 01:57:33', 24.28),
('2024-06-22 01:57:38', 34.61),
('2024-06-22 01:57:43', 34.54),
('2024-06-22 01:57:49', 34.55),
('2024-06-22 01:57:54', 24.05),
('2024-06-22 01:58:00', 24.04),
('2024-06-22 01:58:05', 34.64),
('2024-06-22 01:58:10', 34.64),
('2024-06-22 01:58:16', 24.20),
('2024-06-22 01:58:21', 36.28),
('2024-06-22 01:58:26', 34.40),
('2024-06-22 01:58:32', 34.63),
('2024-06-22 01:58:37', 34.34),
('2024-06-22 01:58:42', 24.14),
('2024-06-22 01:58:48', 34.46),
('2024-06-22 01:58:58', 23.99),
('2024-06-22 01:59:04', 34.28),
('2024-06-22 01:59:09', 34.32),
('2024-06-22 01:59:14', 24.14),
('2024-06-22 01:59:20', 34.70),
('2024-06-22 01:59:25', 34.66),
('2024-06-22 01:59:30', 34.55),
('2024-06-22 01:59:36', 34.47),
('2024-06-22 01:59:41', 24.08),
('2024-06-22 01:59:46', 34.31),
('2024-06-22 01:59:52', 34.51),
('2024-06-22 01:59:57', 33.11),
('2024-06-22 02:00:02', 34.75),
('2024-06-22 02:00:08', 34.54),
('2024-06-22 02:00:13', 34.18),
('2024-06-22 02:00:18', 23.83),
('2024-06-22 02:00:24', 34.51),
('2024-06-22 02:00:29', 34.21),
('2024-06-22 02:00:34', 24.10),
('2024-06-22 02:00:40', 35.86),
('2024-06-22 02:00:45', 34.51),
('2024-06-22 02:00:56', 35.78),
('2024-06-22 02:01:01', 34.12),
('2024-06-22 02:01:06', 34.41),
('2024-06-22 02:01:28', 34.42),
('2024-06-22 02:01:33', 23.87),
('2024-06-22 02:01:38', 34.57),
('2024-06-22 02:01:44', 34.48),
('2024-06-22 02:01:54', 34.22),
('2024-06-22 02:02:05', 34.17),
('2024-06-22 02:02:32', 23.92),
('2024-06-22 02:02:37', 23.98),
('2024-06-22 02:02:42', 35.65),
('2024-06-22 02:02:48', 34.15),
('2024-06-22 02:02:53', 23.99),
('2024-06-22 02:02:58', 34.57),
('2024-06-22 02:03:04', 35.77),
('2024-06-22 02:03:09', 34.49),
('2024-06-22 02:03:14', 35.91),
('2024-06-22 02:03:20', 34.31),
('2024-06-22 02:03:25', 34.10),
('2024-06-22 02:03:30', 34.37),
('2024-06-22 02:03:36', 24.03),
('2024-06-22 02:03:41', 34.33),
('2024-06-22 02:03:47', 35.84),
('2024-06-22 02:03:57', 34.22),
('2024-06-22 02:04:03', 34.27),
('2024-06-22 02:04:08', 34.13),
('2024-06-22 02:04:19', 34.48),
('2024-06-22 02:04:24', 23.95),
('2024-06-22 02:04:29', 19.62),
('2024-06-22 02:04:45', 70.97),
('2024-06-22 02:04:51', 71.03),
('2024-06-22 02:04:56', 69.29);

-- --------------------------------------------------------

--
-- Struktur dari tabel `pju007`
--

CREATE TABLE `pju007` (
  `time` varchar(100) NOT NULL,
  `data` varchar(100) NOT NULL
) ENGINE=InnoDB DEFAULT CHARSET=utf8mb4 COLLATE=utf8mb4_unicode_ci;

--
-- Dumping data untuk tabel `pju007`
--

INSERT INTO `pju007` (`time`, `data`) VALUES
('2024-06-22 02:50:55', '34.12'),
('2024-06-22 02:51:00', '25.29'),
('2024-06-22 02:51:05', '34.05'),
('2024-06-22 02:51:11', '35.53'),
('2024-06-22 02:51:16', '35.53'),
('2024-06-22 02:51:21', '23.72'),
('2024-06-22 02:51:27', '25.36'),
('2024-06-22 02:51:32', '34.11'),
('2024-06-22 02:51:37', '25.21'),
('2024-06-22 02:51:43', '34.17'),
('2024-06-22 02:51:48', '33.8'),
('2024-06-22 02:51:53', '35.95'),
('2024-06-22 02:51:59', '34.02'),
('2024-06-22 02:52:04', '23.92'),
('2024-06-22 02:52:10', '34.01'),
('2024-06-22 02:52:15', '33.7'),
('2024-06-22 02:52:20', '34.12'),
('2024-06-22 02:52:26', '33.89'),
('2024-06-22 02:52:31', '25.44'),
('2024-06-22 02:52:36', '23.81'),
('2024-06-22 02:52:42', '23.72'),
('2024-06-22 02:52:47', '24.01'),
('2024-06-22 02:52:52', '23.79'),
('2024-06-22 02:52:58', '25.26'),
('2024-06-22 02:53:03', '33.97'),
('2024-06-22 02:53:08', '23.79'),
('2024-06-22 02:53:14', '35.68'),
('2024-06-22 02:53:19', '24.08'),
('2024-06-22 02:53:24', '23.29'),
('2024-06-22 02:53:30', '23.73'),
('2024-06-22 02:53:35', '34.14'),
('2024-06-22 02:53:41', '23.87'),
('2024-06-22 02:53:46', '34.11'),
('2024-06-22 02:53:51', '34.05'),
('2024-06-22 02:53:57', '23.78'),
('2024-06-22 02:54:02', '23.68'),
('2024-06-22 02:54:07', '35.77'),
('2024-06-22 02:54:13', '25.2'),
('2024-06-22 02:54:18', '35.75'),
('2024-06-22 02:54:23', '33.97'),
('2024-06-22 02:54:29', '35.49'),
('2024-06-22 02:54:34', '35.42'),
('2024-06-22 02:54:39', '34.26'),
('2024-06-22 02:54:45', '23.7'),
('2024-06-22 02:54:50', '25.37'),
('2024-06-22 02:54:55', '34.21'),
('2024-06-22 02:55:01', '25.14'),
('2024-06-22 02:55:06', '23.92'),
('2024-06-22 02:55:12', '25.2'),
('2024-06-22 02:55:17', '35.83'),
('2024-06-22 02:55:22', '23.73'),
('2024-06-22 02:55:28', '33.8'),
('2024-06-22 02:55:33', '23.94'),
('2024-06-22 02:55:38', '23.91'),
('2024-06-22 02:55:44', '23.76'),
('2024-06-22 02:55:49', '23.81'),
('2024-06-22 02:55:54', '24'),
('2024-06-22 02:56:00', '33.98'),
('2024-06-22 02:56:05', '23.97'),
('2024-06-22 02:56:10', '25.17'),
('2024-06-22 02:56:16', '34.35'),
('2024-06-22 02:56:21', '33.75'),
('2024-06-22 02:56:26', '23.58'),
('2024-06-22 02:56:32', '23.85'),
('2024-06-22 02:56:37', '23.86'),
('2024-06-22 02:56:43', '25.26'),
('2024-06-22 02:56:48', '34.35'),
('2024-06-22 02:56:53', '34.11'),
('2024-06-22 02:56:59', '35.5'),
('2024-06-22 02:57:04', '23.77'),
('2024-06-22 02:57:09', '35.84'),
('2024-06-22 02:57:15', '35.89'),
('2024-06-22 02:57:20', '34.32'),
('2024-06-22 02:57:25', '34.03'),
('2024-06-22 02:57:31', '25.21'),
('2024-06-22 02:57:36', '35.73'),
('2024-06-22 02:57:41', '34.23'),
('2024-06-22 02:57:47', '23.75'),
('2024-06-22 02:57:52', '34.04'),
('2024-06-22 02:57:58', '25.29'),
('2024-06-22 02:58:03', '25.26'),
('2024-06-22 02:58:08', '23.83'),
('2024-06-22 02:58:14', '23.82'),
('2024-06-22 02:58:19', '23.81'),
('2024-06-22 02:58:24', '23.96'),
('2024-06-22 02:58:30', '23.99'),
('2024-06-22 02:58:35', '35.93'),
('2024-06-22 02:58:40', '23.87'),
('2024-06-22 02:58:46', '35.8'),
('2024-06-22 02:58:51', '23.79'),
('2024-06-22 02:58:56', '25.25'),
('2024-06-22 02:59:02', '23.77'),
('2024-06-22 02:59:07', '34.02'),
('2024-06-22 02:59:12', '24.02'),
('2024-06-22 02:59:18', '35.31'),
('2024-06-22 02:59:23', '23.8'),
('2024-06-22 02:59:29', '23.77'),
('2024-06-22 02:59:34', '23.96'),
('2024-06-22 02:59:39', '34.14'),
('2024-06-22 02:59:45', '34.24'),
('2024-06-22 02:59:50', '34.13'),
('2024-06-22 02:59:55', '25.14'),
('2024-06-22 03:00:01', '23.84'),
('2024-06-22 03:00:06', '25.38'),
('2024-06-22 03:00:11', '23.92'),
('2024-06-22 03:00:17', '34.38'),
('2024-06-22 03:00:22', '23.69'),
('2024-06-22 03:00:27', '23.96'),
('2024-06-22 03:00:33', '34.02'),
('2024-06-22 03:00:38', '23.73'),
('2024-06-22 03:00:43', '23.83'),
('2024-06-22 03:00:49', '23.89'),
('2024-06-22 03:00:54', '23.82'),
('2024-06-22 03:01:00', '34.45'),
('2024-06-22 03:01:05', '23.81'),
('2024-06-22 03:01:10', '34.36'),
('2024-06-22 03:01:16', '34.22'),
('2024-06-22 03:01:21', '24.06'),
('2024-06-22 03:01:26', '70.95'),
('2024-06-22 03:01:32', '56.24'),
('2024-06-22 03:01:37', '72.2'),
('2024-06-22 03:08:22', '33.63'),
('2024-06-22 03:08:28', '23.46'),
('2024-06-22 03:08:33', '33.34'),
('2024-06-22 03:08:38', '23.32'),
('2024-06-22 03:08:44', '33.75'),
('2024-06-22 03:08:49', '22'),
('2024-06-22 03:08:54', '33.63'),
('2024-06-22 03:09:00', '21.72'),
('2024-06-22 03:09:05', '34'),
('2024-06-22 03:09:10', '22.91'),
('2024-06-22 03:09:16', '33.79'),
('2024-06-22 03:09:21', '33.71'),
('2024-06-22 03:09:26', '33.62'),
('2024-06-22 03:09:32', '23.34'),
('2024-06-22 03:09:37', '33.53'),
('2024-06-22 03:09:43', '33.8'),
('2024-06-22 03:09:48', '32.04'),
('2024-06-22 03:09:53', '23.44'),
('2024-06-22 03:09:59', '23.56'),
('2024-06-22 03:10:04', '23.39'),
('2024-06-22 03:10:15', '23.42'),
('2024-06-22 03:10:20', '23.6'),
('2024-06-22 03:10:25', '23.35'),
('2024-06-22 03:10:31', '23.5'),
('2024-06-22 03:10:36', '23.58'),
('2024-06-22 03:10:41', '33.12'),
('2024-06-22 03:10:47', '34.11'),
('2024-06-22 03:10:56', '23.03'),
('2024-06-22 03:11:02', '24.18'),
('2024-06-22 03:11:07', '24.21'),
('2024-06-22 03:11:12', '24.35'),
('2024-06-22 03:11:18', '22.78'),
('2024-06-22 03:11:23', '34.13'),
('2024-06-22 03:11:28', '32.56'),
('2024-06-22 03:11:34', '33.79'),
('2024-06-22 03:11:39', '32.83'),
('2024-06-22 03:11:44', '24.2'),
('2024-06-22 03:11:50', '23.13');

-- --------------------------------------------------------

--
-- Struktur dari tabel `pju007modif`
--

CREATE TABLE `pju007modif` (
  `time` varchar(100) NOT NULL,
  `power` double(8,2) NOT NULL
) ENGINE=InnoDB DEFAULT CHARSET=utf8mb4 COLLATE=utf8mb4_unicode_ci;

--
-- Dumping data untuk tabel `pju007modif`
--

INSERT INTO `pju007modif` (`time`, `power`) VALUES
('2024-06-22 02:50:55', 34.12),
('2024-06-22 02:51:00', 25.29),
('2024-06-22 02:51:05', 34.05),
('2024-06-22 02:51:11', 35.53),
('2024-06-22 02:51:16', 35.53),
('2024-06-22 02:51:21', 23.72),
('2024-06-22 02:51:27', 25.36),
('2024-06-22 02:51:32', 34.11),
('2024-06-22 02:51:37', 25.21),
('2024-06-22 02:51:43', 34.17),
('2024-06-22 02:51:48', 33.80),
('2024-06-22 02:51:53', 35.95),
('2024-06-22 02:51:59', 34.02),
('2024-06-22 02:52:04', 23.92),
('2024-06-22 02:52:10', 34.01),
('2024-06-22 02:52:15', 33.70),
('2024-06-22 02:52:20', 34.12),
('2024-06-22 02:52:26', 33.89),
('2024-06-22 02:52:31', 25.44),
('2024-06-22 02:52:36', 23.81),
('2024-06-22 02:52:42', 23.72),
('2024-06-22 02:52:47', 24.01),
('2024-06-22 02:52:52', 23.79),
('2024-06-22 02:52:58', 25.26),
('2024-06-22 02:53:03', 33.97),
('2024-06-22 02:53:08', 23.79),
('2024-06-22 02:53:14', 35.68),
('2024-06-22 02:53:19', 24.08),
('2024-06-22 02:53:24', 23.29),
('2024-06-22 02:53:30', 23.73),
('2024-06-22 02:53:35', 34.14),
('2024-06-22 02:53:41', 23.87),
('2024-06-22 02:53:46', 34.11),
('2024-06-22 02:53:51', 34.05),
('2024-06-22 02:53:57', 23.78),
('2024-06-22 02:54:02', 23.68),
('2024-06-22 02:54:07', 35.77),
('2024-06-22 02:54:13', 25.20),
('2024-06-22 02:54:18', 35.75),
('2024-06-22 02:54:23', 33.97),
('2024-06-22 02:54:29', 35.49),
('2024-06-22 02:54:34', 35.42),
('2024-06-22 02:54:39', 34.26),
('2024-06-22 02:54:45', 23.70),
('2024-06-22 02:54:50', 25.37),
('2024-06-22 02:54:55', 34.21),
('2024-06-22 02:55:01', 25.14),
('2024-06-22 02:55:06', 23.92),
('2024-06-22 02:55:12', 25.20),
('2024-06-22 02:55:17', 35.83),
('2024-06-22 02:55:22', 23.73),
('2024-06-22 02:55:28', 33.80),
('2024-06-22 02:55:33', 23.94),
('2024-06-22 02:55:38', 23.91),
('2024-06-22 02:55:44', 23.76),
('2024-06-22 02:55:49', 23.81),
('2024-06-22 02:55:54', 24.00),
('2024-06-22 02:56:00', 33.98),
('2024-06-22 02:56:05', 23.97),
('2024-06-22 02:56:10', 25.17),
('2024-06-22 02:56:16', 34.35),
('2024-06-22 02:56:21', 33.75),
('2024-06-22 02:56:26', 23.58),
('2024-06-22 02:56:32', 23.85),
('2024-06-22 02:56:37', 23.86),
('2024-06-22 02:56:43', 25.26),
('2024-06-22 02:56:48', 34.35),
('2024-06-22 02:56:53', 34.11),
('2024-06-22 02:56:59', 35.50),
('2024-06-22 02:57:04', 23.77),
('2024-06-22 02:57:09', 35.84),
('2024-06-22 02:57:15', 35.89),
('2024-06-22 02:57:20', 34.32),
('2024-06-22 02:57:25', 34.03),
('2024-06-22 02:57:31', 25.21),
('2024-06-22 02:57:36', 35.73),
('2024-06-22 02:57:41', 34.23),
('2024-06-22 02:57:47', 23.75),
('2024-06-22 02:57:52', 34.04),
('2024-06-22 02:57:58', 25.29),
('2024-06-22 02:58:03', 25.26),
('2024-06-22 02:58:08', 23.83),
('2024-06-22 02:58:14', 23.82),
('2024-06-22 02:58:19', 23.81),
('2024-06-22 02:58:24', 23.96),
('2024-06-22 02:58:30', 23.99),
('2024-06-22 02:58:35', 35.93),
('2024-06-22 02:58:40', 23.87),
('2024-06-22 02:58:46', 35.80),
('2024-06-22 02:58:51', 23.79),
('2024-06-22 02:58:56', 25.25),
('2024-06-22 02:59:02', 23.77),
('2024-06-22 02:59:07', 34.02),
('2024-06-22 02:59:12', 24.02),
('2024-06-22 02:59:18', 35.31),
('2024-06-22 02:59:23', 23.80),
('2024-06-22 02:59:29', 23.77),
('2024-06-22 02:59:34', 23.96),
('2024-06-22 02:59:39', 34.14),
('2024-06-22 02:59:45', 34.24),
('2024-06-22 02:59:50', 34.13),
('2024-06-22 02:59:55', 25.14),
('2024-06-22 03:00:01', 23.84),
('2024-06-22 03:00:06', 25.38),
('2024-06-22 03:00:11', 23.92),
('2024-06-22 03:00:17', 34.38),
('2024-06-22 03:00:22', 23.69),
('2024-06-22 03:00:27', 23.96),
('2024-06-22 03:00:33', 34.02),
('2024-06-22 03:00:38', 23.73),
('2024-06-22 03:00:43', 23.83),
('2024-06-22 03:00:49', 23.89),
('2024-06-22 03:00:54', 23.82),
('2024-06-22 03:01:00', 34.45),
('2024-06-22 03:01:05', 23.81),
('2024-06-22 03:01:10', 34.36),
('2024-06-22 03:01:16', 34.22),
('2024-06-22 03:01:21', 24.06),
('2024-06-22 03:01:26', 70.95),
('2024-06-22 03:01:32', 56.24),
('2024-06-22 03:01:37', 72.20),
('2024-06-22 03:08:22', 33.63),
('2024-06-22 03:08:28', 23.46),
('2024-06-22 03:08:33', 33.34),
('2024-06-22 03:08:38', 23.32),
('2024-06-22 03:08:44', 33.75),
('2024-06-22 03:08:49', 22.00),
('2024-06-22 03:08:54', 33.63),
('2024-06-22 03:09:00', 21.72),
('2024-06-22 03:09:05', 34.00),
('2024-06-22 03:09:10', 22.91),
('2024-06-22 03:09:16', 33.79),
('2024-06-22 03:09:21', 33.71),
('2024-06-22 03:09:26', 33.62),
('2024-06-22 03:09:32', 23.34),
('2024-06-22 03:09:37', 33.53),
('2024-06-22 03:09:43', 33.80),
('2024-06-22 03:09:48', 32.04),
('2024-06-22 03:09:53', 23.44),
('2024-06-22 03:09:59', 23.56),
('2024-06-22 03:10:04', 23.39),
('2024-06-22 03:10:15', 23.42),
('2024-06-22 03:10:20', 23.60),
('2024-06-22 03:10:25', 23.35),
('2024-06-22 03:10:31', 23.50),
('2024-06-22 03:10:36', 23.58),
('2024-06-22 03:10:41', 33.12),
('2024-06-22 03:10:47', 34.11),
('2024-06-22 03:10:56', 23.03),
('2024-06-22 03:11:02', 24.18),
('2024-06-22 03:11:07', 24.21),
('2024-06-22 03:11:12', 24.35),
('2024-06-22 03:11:18', 22.78),
('2024-06-22 03:11:23', 34.13),
('2024-06-22 03:11:28', 32.56),
('2024-06-22 03:11:34', 33.79),
('2024-06-22 03:11:39', 32.83),
('2024-06-22 03:11:44', 24.20),
('2024-06-22 03:11:50', 23.13);

-- --------------------------------------------------------

--
-- Struktur dari tabel `users`
--

CREATE TABLE `users` (
  `id` int(11) NOT NULL,
  `name` varchar(100) NOT NULL,
  `username` varchar(255) NOT NULL,
  `password` varchar(255) NOT NULL
) ENGINE=InnoDB DEFAULT CHARSET=utf8mb4 COLLATE=utf8mb4_general_ci;

--
-- Dumping data untuk tabel `users`
--

INSERT INTO `users` (`id`, `name`, `username`, `password`) VALUES
(1, 'Operator Surabaya', 'smy', '123');

--
-- Indexes for dumped tables
--

--
-- Indeks untuk tabel `gateways`
--
ALTER TABLE `gateways`
  ADD PRIMARY KEY (`id`);

--
-- Indeks untuk tabel `pju`
--
ALTER TABLE `pju`
  ADD PRIMARY KEY (`id`);

--
-- Indeks untuk tabel `pju001`
--
ALTER TABLE `pju001`
  ADD PRIMARY KEY (`time`);

--
-- Indeks untuk tabel `pju001modif`
--
ALTER TABLE `pju001modif`
  ADD PRIMARY KEY (`time`);

--
-- Indeks untuk tabel `pju002`
--
ALTER TABLE `pju002`
  ADD PRIMARY KEY (`time`);

--
-- Indeks untuk tabel `pju002modif`
--
ALTER TABLE `pju002modif`
  ADD PRIMARY KEY (`time`);

--
-- Indeks untuk tabel `pju003`
--
ALTER TABLE `pju003`
  ADD PRIMARY KEY (`time`);

--
-- Indeks untuk tabel `pju003modif`
--
ALTER TABLE `pju003modif`
  ADD PRIMARY KEY (`time`);

--
-- Indeks untuk tabel `pju004`
--
ALTER TABLE `pju004`
  ADD PRIMARY KEY (`time`);

--
-- Indeks untuk tabel `pju004modif`
--
ALTER TABLE `pju004modif`
  ADD PRIMARY KEY (`time`);

--
-- Indeks untuk tabel `pju005`
--
ALTER TABLE `pju005`
  ADD PRIMARY KEY (`time`);

--
-- Indeks untuk tabel `pju005modif`
--
ALTER TABLE `pju005modif`
  ADD PRIMARY KEY (`time`);

--
-- Indeks untuk tabel `pju006`
--
ALTER TABLE `pju006`
  ADD PRIMARY KEY (`time`);

--
-- Indeks untuk tabel `pju006modif`
--
ALTER TABLE `pju006modif`
  ADD PRIMARY KEY (`time`);

--
-- Indeks untuk tabel `pju007`
--
ALTER TABLE `pju007`
  ADD PRIMARY KEY (`time`);

--
-- Indeks untuk tabel `pju007modif`
--
ALTER TABLE `pju007modif`
  ADD PRIMARY KEY (`time`);

--
-- Indeks untuk tabel `users`
--
ALTER TABLE `users`
  ADD PRIMARY KEY (`id`),
  ADD UNIQUE KEY `username` (`username`);

--
-- AUTO_INCREMENT untuk tabel yang dibuang
--

--
-- AUTO_INCREMENT untuk tabel `gateways`
--
ALTER TABLE `gateways`
  MODIFY `id` int(11) NOT NULL AUTO_INCREMENT, AUTO_INCREMENT=6;

--
-- AUTO_INCREMENT untuk tabel `pju`
--
ALTER TABLE `pju`
  MODIFY `id` int(11) NOT NULL AUTO_INCREMENT, AUTO_INCREMENT=54;

--
-- AUTO_INCREMENT untuk tabel `users`
--
ALTER TABLE `users`
  MODIFY `id` int(11) NOT NULL AUTO_INCREMENT, AUTO_INCREMENT=2;
COMMIT;

/*!40101 SET CHARACTER_SET_CLIENT=@OLD_CHARACTER_SET_CLIENT */;
/*!40101 SET CHARACTER_SET_RESULTS=@OLD_CHARACTER_SET_RESULTS */;
/*!40101 SET COLLATION_CONNECTION=@OLD_COLLATION_CONNECTION */;
